"comm","pos","sdrtrough","sfd_data","sds_dat","scl_dat"
99,99,99,99,99,99
1,1,0.0214064593450854,9.58588957055215e-05,2889.99785214216
2,1,0.0248557115287071,8.34253150909978e-05,1226.61940105819
3,1,0.0632029428796188,8.51771685105018e-05,1479.42418332016
1,2,0.0123266933741097,0.000127665007021575,2413.89714093069
2,2,0.0152823793756345,9.41258950074327e-05,1137.53588072289
3,2,0.0895194232647582,0.000132162748985179,1166.49649454513
1,3,0.0331873311191912,7.93608803766996e-05,2370.1569444114
2,3,0.0315412267054638,0.000109756097560976,1071.75176621892
3,3,0.0422775358200624,4.83665911226577e-05,1530.37260275856
1,4,0.0292775326116177,0.000144634822899825,2858.88851833825
2,4,0.0336321039855332,0.000144634822899825,1099.13037174369
3,4,0.0698838322194161,0.000103382146937045,1499.35257793012
1,5,0.0354352464531821,8.36496335100432e-05,2019.53364253084
2,5,0.0444635605393808,8.12958559437433e-05,1159.51776298464
3,5,0.0645384032985644,0.000148635341768389,1386.61581157061
1,6,0.0166902302392829,0.000152068126520681,1781.38569952875
2,6,0.0144664067401205,7.57728834107901e-05,928.518376796837
3,6,0.0470443853825497,5.98193455763594e-05,1006.90310545044
1,7,0.0220194424868497,6.57764914819444e-05,939.012071963763
2,7,0.0270160627758807,0.000105973236276466,968.307878214647
3,7,0.0414939992954758,5.65657396741813e-05,729.325596235971
1,8,0.0265711217484632,7.24101309818814e-05,2167.6889896408
2,8,0.0289929106697773,0.000139456548557697,1196.9578240835
3,8,0.0382486537984028,5.68052715291979e-05,1006.8956982448
1,9,0.00238700570230326,4.86564731355448e-05,896.679498218662
2,9,0.0155341163460303,6.4057395426302e-05,891.43394090231
3,9,0.0520936299800551,0.000210220540457899,1323.85155537278
1,10,0.0202592858960899,0.000150037509377344,3116.66902759414
2,10,0.0197996093628482,0.000146923012341533,1545.65670976322
3,10,0.0560409495521933,0.000202954221447806,1698.22691120847
1,11,0.00466132561896314,7.69822940723634e-05,1359.98312646048
2,11,0.0101915681230074,9.02551033951846e-05,807.173177342214
3,11,0.0612528213956588,0.000159657320872274,1193.94908124187
1,12,0.0388323502063161,0.000113679424024252,2855.66037425001
2,12,0.0412224129486701,9.61518997591142e-05,1597.78951956638
3,12,0.0658116895401482,0.000200435729847495,1019.95107215962
1,13,0.0177876958768198,9.89060985500366e-05,1536.71869655623
2,13,0.0212145943845277,8.13885747575477e-05,1023.17063610129
3,13,0.0425025235209557,0.000119135867838611,1475.45905150329
1,14,0.0369780946663218,7.58260489775616e-05,2259.21268325532
2,14,0.0440506948076004,6.63951841359773e-05,1110.19344827917
3,14,0.0312314570494272,7.98344356626565e-05,1422.67229935105
1,15,0.00778500355577471,0.000150914921712884,847.509191034584
2,15,0.0115238707135552,0.000146842878120411,986.951675775628
3,15,0.0521365627102832,7.98758501072619e-05,1358.85309684391
1,16,0.0171113296310358,5.79609343302614e-05,2136.58135100302
2,16,0.0229600846534555,7.21500721500722e-05,1118.02479024562
3,16,0.0486596863327798,0.000122582820017775,1487.06810367813
1,17,0.0304830975621688,6.74217907227616e-05,2132.52030192756
2,17,0.0249835078978899,6.49727723475881e-05,1165.03237516393
3,17,0.0573227031210452,0.000130208333333333,1813.45698002404
1,18,0.00470012638757874,9.66150236361754e-05,988.991038841473
2,18,0.0140732689047595,6.45869663501905e-05,837.048517601569
3,18,0.0544799598627031,0.000207751075013817,830.048044915564
1,19,0.0388405401338226,4.4452347083926e-05,2385.85467121697
2,19,0.0408341827781219,7.65336159189921e-05,1132.86226285436
3,19,0.0736320040056547,0.000111444318366024,1422.76281152723
1,20,0.0323855652959934,0.000123560180672442,2910.57318789994
2,20,0.0381455682402307,9.23773764825079e-05,1322.20344051
3,20,0.0466626539903471,2.30063996134925e-05,643.832227586458
1,21,0.0421593530764687,0.000143214887801365,2150.08494540926
2,21,0.0431469073555888,8.77423883478108e-05,975.129260410387
3,21,0.0632448140255547,0.000336877566059585,1306.84201435604
1,22,0.0131229423041617,4.9273566843113e-05,2803.57956092855
2,22,0.0120566583132156,3.8723667905824e-05,1345.0029365802
3,22,0.0790691212629274,0.000182041596504801,1285.25431272385
1,23,0.0465338498305346,3.83419901026543e-05,2207.86910867497
2,23,0.0548242919600338,5.34444978889423e-05,1187.78122451206
3,23,0.0525247561662031,0.000115502021285372,1438.71753597236
1,24,0.0237735456544913,0.000107059638516279,2806.52800845604
2,24,0.0431665297379508,7.75054859351763e-05,1208.53207580566
3,24,0.0702542293949281,0.000103847868980642,1221.05149237928
1,25,0.0299372624033209,0.000136165577342048,2740.12454957839
2,25,0.0346739083247046,0.000171416564369685,1449.48896978057
3,25,0.0569938561750212,9.67117988394584e-05,1113.47507646317
1,26,0.0217976129667763,8.40166689071112e-05,1095.27364712561
2,26,0.035434134202958,0.000129922098709614,1030.77105360863
3,26,0.0435884299554878,0.000124877352600125,1416.18651663623
1,27,0.0401302366967866,0.000199697233227043,2588.7403721676
2,27,0.0610867322568651,0.000139131179297281,1074.27284122771
3,27,0.0555355614823268,5.86840684490974e-05,867.920244525915
1,28,0.0233340174585859,0.000144854515682076,2155.58951787708
2,28,0.0313464345439521,0.000160814794961136,900.652281838706
3,28,0.0794828720299426,0.000226075786769428,1260.99117693407
1,29,0.00550312418510041,7.94750107858943e-05,2020.68337444303
2,29,0.0093747814690528,0.000105020549967075,1064.71753170998
3,29,0.0348741345773324,0.00013603855721393,1289.69726293886
1,30,0.030539403350987,7.68894572413681e-05,3122.02493048039
2,30,0.0282851569113401,0.000101540616246499,1190.64402607082
3,30,0.0566053359249889,0.000201575957485798,1489.12618672126
1,31,0.0364760662738375,0.000110199867760159,2355.11207009183
2,31,0.0388020028224849,9.70329480765913e-05,852.279206897467
3,31,0.0895444804099208,0.000163941926432014,1195.35011824449
1,32,0.0196968114456023,5.64187136533287e-05,1305.73419364885
2,32,0.0236209764744397,0.000179717586649551,1083.41095576855
3,32,0.0531771345047058,0.000126550757059287,1454.83805056015
1,33,0.00264343298741835,7.19540171504516e-05,1273.98347903488
2,33,0.0119765140618052,4.2747465075321e-05,1120.02126268411
3,33,0.0402674677693986,4.37468283549443e-05,1260.28716890685
1,34,0.0407082538750136,0.000148104265402844,3186.75255464873
2,34,0.0389617340724861,7.37637200519297e-05,1300.50752640707
3,34,0.0555431362710826,0.000125268432355047,1296.7833101619
1,35,0.0257387808687578,0.000147579693034238,2804.24486101336
2,35,0.0302006283289536,0.00012243648607285,1240.17296812912
3,35,0.0671299530295535,0.000237311119721038,1015.02521353455
1,36,0.0310050549869467,0.000158792202081399,1838.19709851575
2,36,0.0303945829511559,0.000148602210457881,1023.32367208888
3,36,0.0877954165069477,0.00015831894070236,1279.64986245157
1,37,0.00995424399010596,0.000121739944748794,2236.88139002297
2,37,0.020234735278237,0.000110262934690416,991.95935786514
3,37,0.0732617368807219,8.59254167382712e-05,1145.20299011624
1,38,0.0184675819464355,0.000107848688290329,1198.95688876868
2,38,0.0457990844642949,7.26335094695938e-05,890.099536621488
3,38,0.0613031231099869,0.000117871245309707,1429.14530671862
1,39,0.0288982496163389,0.000335919277963695,1419.90118422944
2,39,0.0303810152758704,0.000241863036417663,872.49502752349
3,39,0.0385661784140477,0.000292965173764969,1409.44066750885
1,40,0.0390557843937669,0.000155478215110091,2378.35590995131
2,40,0.0190684862417782,0.000102676603758465,1144.467670537
3,40,0.0460516470142474,5.32141336739038e-05,1663.87197722154
1,41,0.0110727985786509,8.60326063578096e-05,1684.44546098727
2,41,0.0172170176125709,6.78334011667345e-05,1108.43585937341
3,41,0.0570315933315158,7.80733338232052e-05,1503.7727213283
1,42,0.00989670536960197,4.49236298292902e-05,1851.17886956326
2,42,0.0192107222191334,4.77313566936208e-05,885.745933849554
3,42,0.0541612388087564,0.000164845201445291,1226.2246551456
1,43,0.0208301581209977,9.2041914471821e-05,2667.18879466445
2,43,0.0212350114008367,9.55819881053526e-05,1277.48805912199
3,43,0.0307806281839374,3.64568435104014e-05,1479.59170523852
1,44,0.0137541035097676,9.03033062297993e-05,1490.90925473879
2,44,0.0139593527891252,5.25160830504342e-05,805.547732055879
3,44,0.0397817350003779,0.000131176368399967,1677.19499916388
1,45,0.0168510160384999,0.000182588372772422,1408.31010529427
2,45,0.0202292187830261,0.000131870930190258,744.746499385159
3,45,0.0522704265608644,6.8870523415978e-05,1178.42559618579
1,46,0.00367421760553813,5.2368286867963e-05,1409.86154526932
2,46,0.00449253305900317,8.01322181599639e-05,758.790404718179
3,46,0.0818595460547423,9.65400061785604e-05,1554.30451042326
1,47,0.0435481640440108,9.37382827146607e-05,922.72050206567
2,47,0.0317721051669949,7.29075532225139e-05,633.905122114376
3,47,0.0767499070603443,0.000161180218446602,1574.52709089603
1,48,0.00384952386525465,8.30242984446781e-05,1063.38598966216
2,48,0.0116530015114294,6.45744543458608e-05,762.760826977283
3,48,0.0574064096321768,6.1122395245618e-05,1612.60231783455
1,49,0.042746020543283,0.000118918974815029,2634.97836504485
2,49,0.0382197325052687,0.000127244884975012,1167.69472034433
3,49,0.0731990349915473,0.000147991543340381,1452.7042086293
1,50,0.0129166330240317,7.9204634602619e-05,1572.90936303653
2,50,0.0237541906855943,9.48830904778041e-05,1316.08524091295
3,50,0.0537423066272132,0.000157971972446362,1601.68178109821
1,51,0.034715851100727,9.29270870842965e-05,2284.70995168002
2,51,0.0332268236469772,0.000129229687677691,1155.64826469332
3,51,0.0604818294265924,0.00012844787394982,1363.75361263041
1,52,0.0412670771191528,0.000168599071408191,2806.8286553033
2,52,0.0461834561842666,0.000115794987731245,1472.98638656227
3,52,0.0559401051630172,2.3230746357419e-05,803.130963890043
1,53,0.0622430484281717,6.05849476697515e-05,2346.2081324763
2,53,0.0375892917657036,4.82493526545186e-05,1218.67733222077
3,53,0.0639387714700885,0.000211098892467206,1057.12956891615
1,54,0.0304647255654158,9.38174312787316e-05,3087.8042014
2,54,0.0243151388793875,0.000143080557681429,1507.61265029676
3,54,0.0393804136836579,0.000140804363453116,1208.6129109358
1,55,0.0379081523014768,9.11625911625912e-05,1636.04336624735
2,55,0.0421397515236419,8.76707272056109e-05,841.095982203315
3,55,0.0542877764066139,0.000216857359714503,1292.29275990151
1,56,0.032928184020942,6.95289414218669e-05,1800.43587821899
2,56,0.0316975972105754,6.65023940861871e-05,717.744082009191
3,56,0.0410444375807255,8.51426138782461e-05,1305.67441050811
1,57,0.000595666246169302,8.68999623433497e-05,1162.75339590077
2,57,0.00202558452701067,7.81665653863319e-05,808.221718626797
3,57,0.0955049144296107,0.000101093649480746,1280.8682758668
1,58,0.0713448220941254,0.000167799312022821,2082.9780907161
2,58,0.0506398969106326,0.000105237457799779,955.766575547165
3,58,0.0620134699299894,7.36126552846271e-05,1007.55570769277
1,59,0.0458133161212241,0.000124044295090101,2312.52658330044
2,59,0.0544048597803228,0.0001356300013563,942.115065565484
3,59,0.0759366066734156,0.000124413819504259,1054.91655464975
1,60,0.0330748997685068,0.000107349889071781,3222.39307453829
2,60,0.0341671495774961,0.000111822801116439,1211.25043710417
3,60,0.0700826877003178,8.42142588037143e-05,1124.35317861397
1,61,0.022842095520023,0.00018498454057768,3003.36243114618
2,61,0.0246626768036564,0.000162284972411555,1196.98191836749
3,61,0.0499131718808987,7.68935024990388e-05,1136.1149255617
1,62,0.0349791408223524,0.000165716558398515,2429.90401509008
2,62,0.0317584875020387,0.000135893963881326,1189.60358215129
3,62,0.0734639317845172,0.000159274687576574,1337.51073961151
1,63,0.00284054517165438,0.000138764991574983,1028.96533741291
2,63,0.0223158436867683,0.000130734975691465,701.834784230908
3,63,0.110524955838152,0.000100961509909075,802.871582373284
1,64,0.0244211077689234,5.65834889379279e-05,2240.50137693082
2,64,0.0221302244666416,5.17452948742589e-05,934.366771446568
3,64,0.0691787330769423,0.000171551570667918,1059.02565084454
1,65,0.0173031512228434,9.75609756097561e-05,1380.46735106389
2,65,0.019877197946005,7.04132376886855e-05,682.475766837303
3,65,0.054470168919481,0.000241603310744723,1275.71450855736
1,66,0.0195715777298728,0.00033920024120906,2321.14855636663
2,66,0.0387166582324185,0.000182243707796194,947.364002927672
3,66,0.0394282902349435,5.27878178137149e-05,1381.88663704059
1,67,0.0415802443818975,0.000125843149098963,3165.60545961679
2,67,0.0384774608878713,0.000146292660827545,1225.61941711884
3,67,0.031419690245804,0.000161431668280983,1611.2695374354
1,68,0.0171616464351156,0.000149219467401286,3400.49720820885
2,68,0.0132261228770693,9.1609990619137e-05,1355.82882904778
3,68,0.0843038265574095,0.00014774909929876,1268.02420145254
1,69,0.0629473592341814,5.80037992488508e-05,1218.49857368492
2,69,0.0732558166676307,4.85994253117957e-05,771.571682423705
3,69,0.0492507094430217,0.000120742247076767,1570.47666579989
1,70,0.00199732239537101,0.000320208728652751,1273.85778705766
2,70,0.00991272122540151,0.000211717607206097,767.266737429274
3,70,0.0810241500955687,8.30866697824168e-05,1621.2810254084
1,71,0.0166765699624929,0.000146398594573492,3904.30035561982
2,71,0.0192163944317965,0.00015888017990125,1393.0199212158
3,71,0.035728595275695,6.07143805805054e-05,1500.00185812531
1,72,0.0194143149085141,0.000108618456782387,2862.33099773359
2,72,0.0267504616710179,9.40883562040415e-05,1066.34343589572
3,72,0.0573690557281663,0.000204396088173328,1284.65284839048
1,73,0.0273724685572125,0.000151880639685518,2800.29924905234
2,73,0.0399944688217487,0.000120554550934298,932.165202323268
3,73,0.0321731404002255,0.000228628585717858,1375.36866991458
1,74,0.0308852930567426,0.000103189493433396,2843.80323522843
2,74,0.0285328582637863,8.99280575539568e-05,1089.28615624895
3,74,0.0484676487990399,9.53170327393286e-05,1161.20869694786
1,75,0.0207232714263591,8.15681695244146e-05,2124.71443349412
2,75,0.0219592147047558,9.01542926322478e-05,1134.63286227916
3,75,0.0580784700416222,6.37560833929571e-05,1140.74113235539
1,76,0.0158762547752458,8.72292259444641e-05,2237.70678882189
2,76,0.024338985337542,7.63052974952786e-05,1024.50426524338
3,76,0.0610940268392831,0.000114166111692513,2029.8707917274
1,77,0.0192765832711342,0.000114137483787289,1867.56552878712
2,77,0.0209246794778567,6.64990889624812e-05,949.945292372671
3,77,0.0582794099498044,0.000115495946814116,1471.09293322872
1,78,0.00230895389221132,0.000247671884287696,1081.83699066603
2,78,0.00586873007418014,0.000223410576351753,599.675177831442
3,78,0.0584207302143905,4.36166964714093e-05,1110.70287044577
1,79,0.0414621192928141,0.000121563304090605,3971.82456061368
2,79,0.0456539850647899,0.00015858790379984,1649.19813709694
3,79,0.0798416677632228,0.000160030725899373,1497.61058120032
1,80,0.00081971661485384,0.000103496200210935,1005.41045102259
2,80,0.0046009267572251,0.000108662272931283,692.186065073765
3,80,0.0836585088995817,0.000306372549019608,1393.58074309571
1,81,0.012952609171244,7.66172283919254e-05,2952.12650887461
2,81,0.0149904092467504,7.67195767195767e-05,1452.99427026565
3,81,0.0473074479020112,5.76583909917243e-05,1524.70358355417
1,82,0.0280342860018618,0.000171467764060357,2438.50731568443
2,82,0.0440676884197719,0.000130988636735763,1165.90769837998
3,82,0.0606863071550173,0.000207576543850545,1290.25674876687
1,83,0.0522338859153904,0.000194246982972392,2164.19826626537
2,83,0.041337992546736,0.000171954902957624,1148.29809693571
3,83,0.060699048238291,0.000200132261320525,1694.97563190857
1,84,0.0103569675649411,0.000153508304372855,2406.06527575821
2,84,0.0124305702985105,0.000209260671407544,1276.74480846748
3,84,0.043742459797228,0.000147819660014782,1447.91808314477
1,85,0.0204632569453758,3.59549638395792e-05,969.595636632052
2,85,0.018352628006937,3.86160024714242e-05,712.233656936021
3,85,0.060646117364695,0.000175935788192331,1429.05928114978
1,86,0.0302352442212031,4.50963832700617e-05,2099.9051859702
2,86,0.0331787790315792,4.50963832700617e-05,1215.8425049279
3,86,0.054564951514179,0.000171789105447276,1362.13402718144
1,87,0.0121449421288629,0.000289901374369169,2995.78731270535
2,87,0.0144251107607198,0.000230681837842202,1504.21242080938
3,87,0.076621474012326,3.19009793600664e-05,1111.18200956092
1,88,0.0129817800914381,0.000108560794044665,2258.32343084878
2,88,0.0147449345620411,8.19867628644684e-05,1270.39752861794
3,88,0.0927906778750011,0.00023662777900066,1385.94258149919
1,89,0.00997523008729648,6.45643291305029e-05,1539.73984920906
2,89,0.017045022717286,5.65782066405841e-05,857.792561806456
3,89,0.0605363748753796,7.01846734219415e-05,1284.10709121569
1,90,0.0275663497786303,9.21770770163736e-05,2952.99278324612
2,90,0.023805823223516,9.37604643375377e-05,1434.35866024154
3,90,0.0665094079474485,0.000141050141050141,1741.97890036224
1,91,0.0223521145449111,9.40370605004751e-05,797.576662430703
2,91,0.0226291325091593,5.25486074619023e-05,995.353436517025
3,91,0.058947146937333,0.000106876587025182,1433.35503219098
1,92,0.000896616592845432,9.59403525122667e-05,1096.11090138383
2,92,0.0040464358268807,0.000130679279324852,819.46851401859
3,92,0.0595279011635967,7.65345170671973e-05,997.44686089326
1,93,0.0336934752995801,0.000182751107049975,1802.03804275318
2,93,0.0655617591015689,0.000137362637362637,951.842448149389
3,93,0.0570568026378624,0.000191897654584222,1330.25684066998
1,94,0.0422879465546668,8.18181818181818e-05,1581.79932085064
2,94,0.0456362898006595,0.000103811359928815,815.26435593878
3,94,0.05793360024389,7.87080763746134e-05,1344.68579999099
1,95,0.0185490381439168,0.000105386936457224,2158.08394162205
2,95,0.0221622568679088,0.000135837082436809,1361.52022047109
3,95,0.0647377349195906,0.000123309992513322,1445.98510127389
1,96,0.0197470211894725,0.000115222240657781,2108.04903881573
2,96,0.0282513496457685,0.000160713402673612,1021.75072285213
3,96,0.0705524978696566,5.98989419279758e-05,1610.6302341135
1,97,0.0328634192896535,0.000235195088136265,1790.00093415561
2,97,0.0338856871420265,0.000252669791521639,920.651960600063
3,97,0.0496223121278495,0.000246314406655963,1641.46412734304
1,98,0.00930848242163162,5.1842795363526e-05,1921.62692768084
2,98,0.0155578415918879,3.60019412246708e-05,983.595506165526
3,98,0.064828464111752,0.000130133024869867,1171.49743095197
1,99,0.00648146369788652,6.44852731757385e-05,2868.78589108498
2,99,0.0102456483750911,5.55524693072607e-05,1393.78269464585
3,99,0.0413159966926822,0.00020604189768334,990.464317729612
1,100,0.0187141006562514,0.000131904703924672,2730.73644145727
2,100,0.0188162513319506,0.000106943914891243,1657.6473876744
3,100,0.0693605438989048,0.000134854602219788,967.361592329704
1,101,0.0452529181924409,0.000241504045192757,2037.36723580278
2,101,0.0462886400359836,0.000264163311629545,1091.68342799603
3,101,0.0485522565540016,5.61373043614943e-05,1188.51414239316
1,102,0.0313990279518854,0.000154320987654321,2103.44578572664
2,102,0.033038579523845,0.00014071468246621,1173.9026021007
3,102,0.0639905004721879,0.000114463442744597,1392.42768946261
1,103,0.00298779315880175,0.000135323229198886,1220.4451333268
2,103,0.0111054603850892,0.000130509359385487,788.364638784519
3,103,0.0539139584493984,2.43797784365736e-05,634.822470826284
1,104,0.0175682921440509,5.3231565499394e-05,1070.84612063749
2,104,0.0214198347755442,9.17449897041734e-05,912.741447722911
3,104,0.0456851623911019,0.000137655723036685,1335.59474455323
1,105,0.0235897618952675,8.70983578000538e-05,2748.09301190839
2,105,0.0221939710617543,9.64885873298906e-05,1450.39917301658
3,105,0.034960065618796,9.55566172957477e-05,1481.41352549126
1,106,0.0205292967003289,0.000105872388481084,2252.99669198402
2,106,0.0321110273501595,0.000145374843442476,1096.80913949473
3,106,0.0553232945566626,0.000121129134190015,1292.79128701622
1,107,0.0246107792165766,0.000137957040177689,2032.93468996063
2,107,0.0265330438145069,0.000118749175352949,1039.54299537457
3,107,0.0466717785330124,0.000181593324879851,1197.768187323
1,108,0.0192854608464522,4.07955881425769e-05,2070.92537211884
2,108,0.0172954815099444,3.87698331927927e-05,1127.10360035813
3,108,0.0319999298440253,0.000124264123394275,1765.05590609336
1,109,0.0043412358268586,3.72626424474104e-05,1076.95600750054
2,109,0.0124998486764799,4.40750156766817e-05,827.09389238999
3,109,0.0536007830541033,7.8557843380468e-05,1449.79066334547
1,110,0.0175997536554193,7.29580855798344e-05,1512.99103458846
2,110,0.0174180728230909,8.16353187042842e-05,805.697610538171
3,110,0.0277255263299153,0.000104297037964122,1468.26839632219
1,111,0.0264537075845522,0.000240506329113924,1606.19147015973
2,111,0.0322314730860813,0.000220400536856233,1097.11819420871
3,111,0.0717793294986108,0.000202769248595099,1394.95079818176
1,112,0.0340671420959685,0.000114194979771175,1981.15076808988
2,112,0.0328933759862329,0.000130508548309914,1327.33312222643
3,112,0.0719212263428528,0.000254430855523752,1489.84092461634
1,113,0.0669939702200713,0.000305040799206894,2394.78716542632
2,113,0.063590889560406,0.000306453025129148,1319.75978454713
3,113,0.100122300652728,0.000106361654169172,1233.47187109701
1,114,0.0237510643148277,7.4685534591195e-05,2846.0102352269
2,114,0.0304991777748324,7.2628520904383e-05,1306.6752698087
3,114,0.0881330872864581,0.000138536960320333,1315.96244958939
1,115,0.0102819391867839,6.12745098039216e-05,1612.21540647554
2,115,0.0179842428772531,4.62620281273131e-05,823.050711375907
3,115,0.103303725805759,0.000164609053497942,963.837154560486
1,116,0.0226007156860273,0.000213652387565431,2353.21418922103
2,116,0.0290709392744174,0.000195639539901835,1343.65052696071
3,116,0.0593861603939362,0.000135577372604021,1483.47233268694
1,117,0.0266726950062419,0.000124719381391868,1554.20898717604
2,117,0.0284772261279869,7.86974694391494e-05,1052.37633629914
3,117,0.063665729888378,0.000170231117113334,734.98274640199
1,118,0.0280877652792263,8.44356881508584e-05,2820.71520438475
2,118,0.0250016459700891,8.7478466838932e-05,1585.08130478177
3,118,0.0699243821918596,0.000178475816526861,1267.23222791403
1,119,0.0184674033708053,0.000118773712323282,1913.39206853413
2,119,0.0232611244852272,0.000135741385512322,1082.92563414262
3,119,0.0504630383231856,0.000122115032360484,1428.54089973571
1,120,0.00127984506328218,3.20112679663241e-05,1070.72073094324
2,120,0.00473546430969896,3.50029752528965e-05,727.970136852162
3,120,0.060294898072365,5.15553305868403e-05,1159.60540465271
1,121,0.0821012734043275,4.20521446593776e-05,1294.37003468544
2,121,0.0668507316976659,6.30782169890664e-05,1532.53720099119
3,121,0.045499183093861,0.000152972970852765,1337.73598239028
1,122,0.0105612468495256,0.000130365485947862,2161.28565825641
2,122,0.0173334760124557,0.000102779226415023,1098.07394470394
3,122,0.0615791701565808,6.62541918517537e-05,1587.44722839103
1,123,0.013043774180793,0.000172645488820038,1501.19269253818
2,123,0.0191002772839434,7.88292147924735e-05,932.178683283751
3,123,0.0414962166024018,0.000141836870911761,1444.55313262729
1,124,0.0103977056104958,0.000101032552688476,1729.03209161885
2,124,0.0149381579152916,8.89086463658591e-05,1011.63476441474
3,124,0.0415949917006129,0.000158424025347844,1213.74593877946
1,125,0.0241720790037272,9.87637107269009e-05,2150.63099815619
2,125,0.0282258861992244,9.8150410050602e-05,1164.42700793957
3,125,0.0775288209765756,0.000234849214760574,1551.54568254164
1,126,0.0173298926056927,7.52407704654896e-05,1910.24232851027
2,126,0.0162105659726308,8.36008560727662e-05,1275.95881501311
3,126,0.063489797095311,0.000175983436853002,1381.38665823171
1,127,0.0142777649499449,8.75178896862741e-05,2014.94892729284
2,127,0.0196925220509555,0.000125274036955841,1015.26960155428
3,127,0.0653649294219204,0.000175634349946277,1320.21692317607
1,128,0.0420913764376328,0.000182903129929811,2179.24314225835
2,128,0.0483064741521379,0.000171147622603933,1090.84116220244
3,128,0.0429207873316962,6.19099210648506e-05,1632.0425759111
1,129,0.0010080526477059,8.84743892664953e-05,828.243387869604
2,129,0.00620517616223541,0.000104512969561842,647.387265257683
3,129,0.0526064351498451,7.4736772690304e-05,1257.79211054985
1,130,0.0117905966431906,3.06376068965253e-05,1202.58632890699
2,130,0.0203813521210446,3.12189584220236e-05,874.185203528835
3,130,0.0230082313352633,6.28461157403642e-05,1061.89944128695
1,131,0.0873465504876319,5.87685470736062e-05,2676.0140679031
2,131,0.0724022691843994,6.15670493152065e-05,1293.4410737412
3,131,0.0574542907779606,0.000130173645588627,1259.01723926882
1,132,0.0142501812264633,3.28466837815177e-05,2144.87374465
2,132,0.0139327217921254,7.60660045466725e-05,928.084254115801
3,132,0.0578661447981996,5.61987186692143e-05,989.354841443603
1,133,0.0263435285615906,0.000138400094902922,2448.43525554735
2,133,0.0285816790838207,0.000149380072698302,1175.47348265597
3,133,0.0419317909747732,0.000148514851485149,1101.53057012767
1,134,0.0120337398080102,4.03428243563078e-05,2228.33852296444
2,134,0.0122087367777641,5.82729685146669e-05,1400.02158061369
3,134,0.0562988926520432,0.000212647626525338,1436.57036127437
1,135,0.0342270989961179,9.29065824313653e-05,2227.15595359572
2,135,0.0275429613745978,0.000112023898431665,1192.53310743743
3,135,0.0545091160685803,6.04826515594444e-05,887.575329879847
1,136,0.0341377175590191,0.000164683807090386,3001.89968030561
2,136,0.0358319009173695,0.000168316831683168,1363.76556104164
3,136,0.0471485027025201,0.000106213055218533,1725.51133008285
1,137,0.0234533490640916,8.9254833707088e-05,1620.7934445318
2,137,0.0257740610651091,7.8097979493702e-05,766.021796215263
3,137,0.0923649556451963,0.000116699014814633,1331.54604526914
1,138,0.0353526329432668,3.05061199969963e-05,1986.1818503004
2,138,0.0433080998911988,6.97605469226879e-05,1182.33396097673
3,138,0.0671870409258546,0.000240626046200201,1076.23206537037
1,139,0.036333457301476,6.60576777895214e-05,2209.59707606947
2,139,0.0337412212431714,8.31603301465107e-05,1087.18996974389
3,139,0.0705966661062643,0.000120288210552484,1307.09156004213
1,140,0.0417942862830366,0.000117014860887333,3466.08632478486
2,140,0.0417700852529856,0.000141387165187338,1487.50722526517
3,140,0.0432903259932782,3.64130698645434e-05,1265.9378230285
1,141,0.0868589675256203,0.00015507031469582,2324.14460893894
2,141,0.0711034152342292,0.000109706863261366,1291.30948277263
3,141,0.0816541689191704,0.00013383425583374,1357.59304075939
1,142,0.0492860700848053,9.03789255372789e-05,954.018320778818
2,142,0.0469670358004338,8.56221399826853e-05,645.221471141051
3,142,0.0755418477256117,0.000123365408339502,1133.03226991578
1,143,0.00770775780119067,8.51063829787234e-05,1367.5609165274
2,143,0.0117156981414662,8.02867383512545e-05,963.549220305654
3,143,0.0594052741495815,0.000152295508666999,1584.01418663549
1,144,0.0101651815167079,0.000168405250394549,2628.9426882032
2,144,0.0155436842021232,0.000141060108201401,1217.36532340715
3,144,0.055170376882959,0.000106326422115896,1121.49251386127
1,145,0.0363498536258401,9.51118455859187e-05,1559.92140019524
2,145,0.0294366845764593,0.000101288901268643,877.733858148015
3,145,0.0313715703852485,0.000253387550225032,1118.70744569146
1,146,0.0357611656585643,0.000188470066518847,2417.27420616262
2,146,0.036836899927056,0.000144124168514412,1150.40118075349
3,146,0.0643429663400949,0.000183067650537937,1232.6308340751
1,147,0.00377095308658368,4.89404394851466e-05,1002.80070384514
2,147,0.00977147213412124,5.92935177361735e-05,811.702629394792
3,147,0.0649842545961482,0.000158455225470858,1186.61647601185
1,148,0.00377896766778148,0.000177753113931075,1015.05708622409
2,148,0.00998726167451506,0.000144494561927636,758.364544511546
3,148,0.0405718925045507,6.41800060404712e-05,1233.28775465887
1,149,0.0349039313033,6.86813186813187e-05,2426.34999657605
2,149,0.0377355834056922,8.26769700544014e-05,1247.59390475248
3,149,0.056881246608554,0.000104077107561428,1383.40414393762
1,150,0.0392108778558946,0.000174311469694706,1793.75707013883
2,150,0.0317931273954667,0.000122244407318365,956.746628754791
3,150,0.033483166832843,4.44760718733321e-05,1590.35724521164
1,151,0.0199589240362362,3.2139872726104e-05,1097.68537282933
2,151,0.0196247946199448,2.80570493336451e-05,716.901437677806
3,151,0.0630441662657451,0.00010183990766515,1191.12370126013
1,152,0.0128284462087061,0.000107172520965624,2545.28989674329
2,152,0.0177622829303878,8.48449124311193e-05,1156.31185022651
3,152,0.0693171199474172,0.000233205556122375,1236.29028715241
1,153,0.0389149554015257,3.0132583366814e-05,1912.86726459107
2,153,0.0339545194864964,4.01767778224186e-05,1267.55992441778
3,153,0.0467285276136386,0.000182149362477231,1415.44417032481
1,154,0.0418425786332655,0.000102232186922741,1208.97097082928
2,154,0.0348197121310149,8.31101671437806e-05,809.720251051714
3,154,0.054307649050297,0.000274524660550257,1188.71347020805
1,155,0.0294145484090769,5.38535587104765e-05,2728.08433671226
2,155,0.0233534525943368,5.48731971868341e-05,1536.41426537449
3,155,0.0448837599546521,9.67331822453154e-05,1028.20695585725
1,156,0.0326748781953871,0.000213857998289136,1734.95617470807
2,156,0.0404194937171997,0.00018526963858169,974.691661817044
3,156,0.050935192322019,0.000184411576530804,1456.97623641872
1,157,0.0146554240388363,0.000120811855670103,2009.55697715675
2,157,0.0146810571999869,9.11592137103457e-05,1045.20510822498
3,157,0.0740468249173965,5.69421205245683e-05,1225.73138447378
1,158,0.0319806753149653,0.000197440675247109,1155.90359103081
2,158,0.0440395108792922,0.000102962753224021,1069.19818792722
3,158,0.0476320167949279,0.000123009959075533,1316.02732168659
1,159,0.0479972844180489,0.000142080051960705,2580.22212751587
2,159,0.0515366667714446,0.000144719196519021,1425.0768864828
3,159,0.0578157752508854,0.000221623500782201,1625.74641400903
1,160,0.0208010297459377,0.000263230811859241,1921.14342537614
2,160,0.0291121603620029,0.000245960441362348,975.738203517855
3,160,0.0511971897477199,0.000192706075059016,1275.62699905711
1,161,0.0404494889502489,0.000166356898648494,3153.49922853536
2,161,0.0373821882311629,0.000126132671389074,1698.67154495395
3,161,0.0437091749791059,0.000108875533490114,1290.10635640274
1,162,0.0237167711331775,0.000113944767863432,2370.45450498664
2,162,0.0233879690520587,0.000103755965968043,1225.4568397463
3,162,0.0523181992935839,0.00010913348016747,1370.5535051172
1,163,0.0160579138917602,7.79307266686031e-05,1909.51927937444
2,163,0.0164520156059531,7.08461151532756e-05,1156.86993772538
3,163,0.0937357459174449,9.4577553593947e-05,1335.36037333485
1,164,0.00327103129075921,0.000127463002764629,934.495226504886
2,164,0.0132118873018769,7.65881973556917e-05,688.076663335281
3,164,0.0974565560740904,0.000221606648199446,1336.24371221335
1,165,0.0164403884920526,8.29245299488487e-05,2325.23324037903
2,165,0.0201879641504266,0.000121144993250493,1579.96540587412
3,165,0.0602315760758409,8.08984486532788e-05,1582.99088868212
1,166,0.0203669511986653,6.84621685391885e-05,2461.34318075473
2,166,0.0209509448540174,8.80452200250048e-05,1450.85947519998
3,166,0.0471496596085012,9.80098835229911e-05,911.695604358302
1,167,0.0628141306754261,0.000158615063899211,2053.05233843774
2,167,0.0596677502710838,0.000163285300240846,1342.57676862322
3,167,0.0292067290840017,6.72315988514602e-05,1708.9069751857
1,168,0.00104849507084923,3.87409200968523e-05,1119.97584890366
2,168,0.00649598279693708,3.13873195229127e-05,882.361966987617
3,168,0.0508299084983113,0.000111603250444669,1515.32924777274
1,169,0.0292533865181141,0.000119952757067986,2319.59027722795
2,169,0.0267771118557938,0.000101600203200406,1199.6663380056
3,169,0.0841167830499569,0.000129290839744004,1268.10180830091
1,170,0.0263380420859475,9.16422287390029e-05,3528.50144788385
2,170,0.0263588362769106,6.49055624066983e-05,974.501724575151
3,170,0.0493361879020095,7.71575170711007e-05,1359.7581039844
1,171,0.0147038101533628,6.2226204699323e-05,1303.73109060222
2,171,0.0162687788490317,9.85221674876847e-05,1544.7687650209
3,171,0.0353963118878047,6.35122261035249e-05,1360.03952571305
1,172,0.00225306607169301,0.000188555266691426,1352.22672986744
2,172,0.00593408606534883,0.000107863676906802,740.307554176498
3,172,0.0860617119826056,0.000187601015931656,1297.27792870168
1,173,0.00943068768554805,0.00011146012767251,2848.63708742742
2,173,0.00857381295697441,6.51798112619378e-05,1130.04395828893
3,173,0.0537901685435784,0.000197309417040359,1174.69787734149
1,174,0.0165511562621152,9.57583226472596e-05,2089.14047804354
2,174,0.0330251178073532,8.42436325854371e-05,946.798244681364
3,174,0.0645535061264166,0.000150944086651054,1254.82408306164
1,175,0.0277309668207088,0.000146683616773494,2218.39640803182
2,175,0.0251113395026345,0.000135031179927001,1385.60596653115
3,175,0.0592438803184047,0.000150637536930493,1271.00175182156
1,176,0.0350003722324171,8.67878292832346e-05,1511.30345505987
2,176,0.037029906043695,0.000122523994282214,1161.9082606917
3,176,0.0451419696877909,8.44406574089e-05,1042.45595812756
1,177,0.0216260984435352,0.000111133562335825,1918.18832781991
2,177,0.0215552889020009,0.000147007955724663,1243.93446029391
3,177,0.0835395995006673,0.000192426108374384,1246.06343333833
1,178,0.0312088538746658,0.000271062271062271,2581.37887449867
2,178,0.0356650738250904,0.000243531603161962,1170.96894260157
3,178,0.0517156540049684,0.000193761665243112,1119.10508272704
1,179,0.00415078677543802,3.3906843369759e-05,2531.05808817718
2,179,0.00423285910781797,3.36021505376344e-05,1395.08481572941
3,179,0.0463391062391487,0.000295721637606575,919.677603917739
1,180,0.0101911850294934,0.000127115782616122,2051.3505391586
2,180,0.0112229946797381,0.000131419860169269,1001.66878477723
3,180,0.0537512101945504,0.000177468288107089,1176.755473768
1,181,0.0163033169360187,0.000127413505831618,2070.80859739255
2,181,0.0287050418487402,0.00010319481774388,918.948620160201
3,181,0.0573933223630806,9.53041727979018e-05,1382.06503871142
1,182,0.0322449309149808,0.000321440051430408,2725.69963615288
2,182,0.03676589855291,0.000260213374967473,1262.10537043093
3,182,0.0901240956713283,0.000116819788518499,1048.43412851125
1,183,0.0285908161114999,0.000116185087896545,2429.13659994381
2,183,0.0335512791141367,0.000130307525760795,1286.83816570961
3,183,0.0544223384929093,0.000114016418364244,1577.56591440218
1,184,0.0412952085479932,7.43295474817149e-05,2335.82998709725
2,184,0.0495003999382312,7.19616204690832e-05,1105.1659345093
3,184,0.048932022230785,0.000100165490810905,1101.30321700652
1,185,0.0170017492181579,9.2436974789916e-05,2199.0706113271
2,185,0.0205719451347533,0.000109243697478992,1193.61619441892
3,185,0.0201485674719784,5.4139272194936e-05,1246.85883680703
1,186,0.0107041150985367,6.97350069735007e-05,1362.30791603958
2,186,0.0118337520258492,4.93186322710305e-05,824.355299021164
3,186,0.0662178308791808,0.000124016724541138,1472.79921603167
1,187,0.0174509566060604,0.00012927691114367,1974.62648329273
2,187,0.0213370643211705,9.61760406247596e-05,988.072678577242
3,187,0.0720877944079143,0.000186934277843369,1394.60309529453
1,188,0.0248909402168899,0.000256761383087984,2913.11909539167
2,188,0.0351511570108569,0.000133722885658828,1358.0845255413
3,188,0.0619035073961316,0.000133707714935152,1539.44431326086
1,189,0.0222206440990625,0.000197316495659037,1613.48427804578
2,189,0.025163293113149,0.000157288712684409,768.229395625176
3,189,0.0509765555062249,0.000232237534526804,1811.33605279386
1,190,0.043627605044274,0.000120658450400758,1202.49404290213
2,190,0.0454762478847587,0.000155780994718644,679.879676896726
3,190,0.0556305181879639,0.000146753087929559,1546.33447969905
1,191,0.0084690661291679,0.000107322139518781,2935.36478356607
2,191,0.0127233235650113,0.000180024234031504,1257.04943739575
3,191,0.0821748216572228,0.000164954284098407,1748.60295798731
1,192,0.0148300306363727,2.53518984346611e-05,1325.91841003936
2,192,0.0177463525117523,6.0601775632026e-05,1179.41031008705
3,192,0.0621274807807381,5.43943864993133e-05,1718.70832273756
1,193,0.0248082733304381,0.000209211859697297,2521.85640458909
2,193,0.029548205403851,0.00019575707912228,1394.7223466659
3,193,0.0623313784385158,0.000133554388873538,1345.17409988911
1,194,0.0197534712485489,0.000129890190131154,2411.92195876213
2,194,0.021798434123285,0.00013156163662676,1358.7939777191
3,194,0.0359356579039371,5.24269299663594e-05,944.10547442251
1,195,0.0385532939856045,0.00011146244595538,2099.26281271976
2,195,0.0395018516574346,0.000125584925440776,1101.56560956115
3,195,0.0547800981368405,0.000277318283545782,1135.52021647503
1,196,0.0069627034891097,6.56906906906907e-05,1844.77214605536
2,196,0.0080537808783995,9.03925619834711e-05,939.731884376312
3,196,0.064995498670841,0.000132141327427983,1758.48316034668
1,197,0.0221336204587627,0.000114767022943425,2063.75083017419
2,197,0.0241737050733785,0.00010362059789085,1071.93447698524
3,197,0.0541055715789957,0.000193236714975845,1148.47123792615
1,198,0.0371615279164233,0.000247412269628882,1428.97801240622
2,198,0.0394580421180999,0.000139466876616804,935.341646945964
3,198,0.05453698808141,0.000143468163517839,1186.46868080999
1,199,0.0133717125158979,0.000104751670958106,2291.52426479883
2,199,0.0199389706607404,0.000104751670958106,1235.02093228717
3,199,0.0409863991746027,0.000206663419098652,1067.26792578447
1,200,0.0208481303568279,0.000198219857793238,1545.87922547839
2,200,0.0268073724834243,0.000160623022633244,1000.11997507861
3,200,0.0504974506921132,7.11365528900271e-05,1616.44422354094
1,201,0.0049865813343767,0.00020007900555604,1179.28896096262
2,201,0.0251062917762585,0.000187770506886483,929.775150219366
3,201,0.0944327012206997,7.99552250739586e-05,1450.92792831314
1,202,0.0508889214731763,9.87318761669963e-05,2071.02145858625
2,202,0.0557546225677749,0.000131862209723978,1051.78805916243
3,202,0.0622778551218461,9.3469591226321e-05,1190.72246413194
1,203,0.0201320874717777,5.25611620795107e-05,2861.77176500416
2,203,0.0238253075331371,5.65099457504521e-05,1283.88670149462
3,203,0.0436732679225866,0.000166259500542888,1178.05437741992
1,204,0.00944502506465299,3.5709751142712e-05,2225.95425912774
2,204,0.0101290447126209,7.93550025393601e-05,1190.98965712529
3,204,0.0502136709214058,0.000104052858852297,1503.23025479598
1,205,0.00877401027440486,6.78853707026136e-05,1900.8181238605
2,205,0.0136404452050262,7.52582298010047e-05,883.146583914136
3,205,0.0570626475550792,0.00015153351921445,1554.22024465977
1,206,0.0173567370796515,4.43451113949198e-05,801.885448467284
2,206,0.0243457069947354,6.37389253617184e-05,856.26597784056
3,206,0.0836676729447611,0.000239234449760766,1159.19161007519
1,207,0.0199936573073291,4.35904589203515e-05,1922.32146726411
2,207,0.0255424997360298,8.91182715704964e-05,1115.40816506836
3,207,0.0876091237482818,8.25866127100797e-05,1336.46736769115
1,208,0.00105734044971199,3.66173459184335e-05,967.0367324499
2,208,0.00253998556566103,3.9434064835236e-05,519.495114657929
3,208,0.0703584523362947,0.000106837606837607,1064.30313766179
1,209,0.0301781271809516,0.00010812271928639,2237.86205530383
2,209,0.0325145199164484,0.000130009339446426,1096.80580117992
3,209,0.0303753012031094,0.000123758841617242,1178.71486741263
1,210,0.00413992144238019,3.75002343764649e-05,1397.40680074921
2,210,0.00669981901881156,7.26567041044007e-05,920.467839857229
3,210,0.0407946269764594,7.21041693175552e-05,1311.31475467095
1,211,0.0317400320049184,0.000181818181818182,1863.92026462208
2,211,0.0298631063606493,6.24512099921936e-05,923.310792807022
3,211,0.04777887418071,0.000145804476197419,1033.77859093149
1,212,0.0103628011576787,0.000115249861700166,2025.78386676089
2,212,0.0142466929154095,5.77641425875769e-05,1133.16079151853
3,212,0.0561170642439919,9.54927425515661e-05,1322.04591164778
1,213,0.0114377431641767,6.55023877179904e-05,2744.28939814049
2,213,0.0149614187065308,7.1740710357799e-05,1296.88440519507
3,213,0.0475773403169434,0.000119842000306796,1203.35311733879
1,214,0.0255387734592312,0.000178717320261438,2492.84462508466
2,214,0.0329232583526145,0.000141382078225336,1091.72195016505
3,214,0.0611660886027054,9.18147178992793e-05,1401.47693491391
1,215,0.00699845289517827,0.000104218024106431,1013.20207748864
2,215,0.013010135830895,9.21928674787656e-05,945.716868458562
3,215,0.0440686449042375,0.0001589240008699,1581.45782587419
1,216,0.0191880726663205,4.61336456226268e-05,1983.93350244438
2,216,0.0200727387159098,6.7911714770798e-05,1000.02663035309
3,216,0.0663263112365069,0.000208439724442684,1451.9078921152
1,217,0.038108368202625,7.65365545239759e-05,2570.82830874622
2,217,0.0358940897883827,7.89820096533567e-05,1185.63676469469
3,217,0.0278365810809822,0.000142150233587411,1572.36854038674
1,218,0.0372448730707865,0.00022166395744052,2774.40108195501
2,218,0.0330446249360044,0.000218940813000219,1245.69694707619
3,218,0.061717259392956,0.000181145957193817,1280.3429128251
1,219,0.0195026359576071,7.40740740740741e-05,2148.49254399934
2,219,0.0226543867168262,5.58280496072098e-05,909.600949269592
3,219,0.0498314502689221,0.000132149686727507,1290.8680694658
1,220,0.0147388253779938,3.60438292964245e-05,1257.64371849182
2,220,0.0175488246309132,4.07083248524323e-05,919.593072510637
3,220,0.0252734968784539,4.96087112897025e-05,1337.00865847735
1,221,0.0279911698502973,8.85529157667387e-05,2734.37872274123
2,221,0.0308017624722288,5.31340471485685e-05,1213.24462104341
3,221,0.0454988751642047,7.25171926177498e-05,1026.84144515313
1,222,0.0221937104682139,7.34693127864155e-05,2808.05694240402
2,222,0.0230168684865078,9.56937799043062e-05,1095.01923787456
3,222,0.0453201686803877,7.50953711213241e-05,1593.83002964089
1,223,0.0323459462943235,5.29162419441984e-05,3233.28249325928
2,223,0.0325502413210611,4.73461112132302e-05,1493.51772150938
3,223,0.0470223416062837,9.58956655159187e-05,1373.73778887362
1,224,0.0337884133703232,5.17394813634388e-05,1112.17516537199
2,224,0.0368542284987072,8.60776927127638e-05,867.651975502392
3,224,0.0928423089463412,0.000259387351778656,1153.49545884816
1,225,0.031861064784551,0.000116412859560068,3407.48881238047
2,225,0.0308730075939017,0.000113056835637481,1497.03838952006
3,225,0.079654658723285,0.000166809149481849,1457.86864894157
1,226,0.024041199028157,0.000114834604394788,2070.85645893946
2,226,0.0157321672885254,6.56245488312268e-05,819.484314235139
3,226,0.0419836390456721,7.7946996042691e-05,1425.69353866906
1,227,0.00315451199458516,6.1491538764266e-05,1276.92565576304
2,227,0.0119649099947845,5.47436843075788e-05,876.590394698624
3,227,0.0477339371875163,0.000128804503387081,1020.70659122919
1,228,0.0417484015142985,0.000122136118598383,2905.49712850602
2,228,0.0488553067297494,0.00010618312505105,1108.56610493662
3,228,0.0529831508931217,0.000117739403453689,995.02233165382
1,229,0.026165420141936,0.000207390648567119,2717.69983012488
2,229,0.0278784269848928,0.000198030400342539,1177.84417432418
3,229,0.0396613333666632,0.000202195759911894,1194.99242109841
1,230,0.010660307321473,6.13758872818487e-05,2181.54775827075
2,230,0.0126681446218154,5.72205135541091e-05,897.5657998097
3,230,0.0773342454019662,0.000106711161987544,1418.6913881877
1,231,0.00348519566395195,9.61480680247581e-05,1085.73965907024
2,231,0.0237901227737487,7.53072299647468e-05,1197.51102472654
3,231,0.0654347090256557,0.000103477752283259,1456.68244523675
1,232,0.0246530683716005,0.000104807473228526,2926.63291165694
2,232,0.02690083420878,0.000121964991530209,1356.02396664149
3,232,0.0726600489738804,6.73551863493489e-05,1376.49909651956
1,233,0.0379585257511778,4.71568694697853e-05,1578.26185552512
2,233,0.0367622676030837,4.53587528436449e-05,756.960785404852
3,233,0.0465002128922187,3.1444421984143e-05,944.227374495969
1,234,0.00910904537646747,0.00010270880971301,2101.99239210654
2,234,0.0166964950625759,5.01342726606912e-05,1040.16014883823
3,234,0.0495585548230839,0.000150384866533431,1428.30219073072
1,235,0.0210853139049458,0.000130911471117657,2248.09416743778
2,235,0.0220831999925979,0.000103648424543947,952.777247056372
3,235,0.0551971303079427,0.000105368334998637,1790.64606888215
1,236,0.00502248543359239,8.23075751776815e-05,1158.70810848763
2,236,0.00893840446235693,4.51431210564879e-05,740.820426145408
3,236,0.0635740734561209,0.000198091556951323,1087.57459250934
1,237,0.0122774696452386,6.89707062600321e-05,957.305790842056
2,237,0.0239108984880385,0.000133184812088338,636.235145733341
3,237,0.0546464697371241,0.000141670737664875,1538.13012537015
1,238,0.0119118166459935,7.73662701266076e-05,2878.09032150425
2,238,0.0171250517153928,5.52926084840978e-05,1094.24380424888
3,238,0.0435412384345034,8.41514726507714e-05,1850.02280971711
1,239,0.0271314950275076,0.00015362270264231,2201.71875401487
2,239,0.0350798915303733,0.000117060856376508,1083.19749789525
3,239,0.0875603399566581,6.21684350132626e-05,924.036975787755
1,240,0.0832018602568836,6.49392817715436e-05,2561.41077875294
2,240,0.0785590710850768,0.000119887904809004,1232.18850618551
3,240,0.0629737869028451,9.44835126270466e-05,1303.7370827256
1,241,0.00185601226696173,8.67612534449321e-05,932.4976311644
2,241,0.0100379322261328,8.48684092980042e-05,726.669006286889
3,241,0.053908165874489,0.00015608091234496,1411.60408558952
1,242,0.0318487931438751,4.11206754756291e-05,1709.11391061094
2,242,0.0431931876426024,5.51462836270684e-05,1183.82438428516
3,242,0.0540115141774528,6.73330314956059e-05,1504.81983678219
1,243,0.0233469664226809,7.24874053133268e-05,2857.69767907573
2,243,0.0227074024315175,9.42684766214178e-05,1200.73865300694
3,243,0.0912356485291368,0.000149135016901969,1323.98631398385
1,244,0.0173151708678688,0.000113284824190667,1264.231699236
2,244,0.0260009788438081,0.0001320185265999,950.470742889729
3,244,0.0355921390042575,7.03002738654147e-05,1364.20663540638
1,245,0.038513961949873,0.000195661896243292,3288.32162600562
2,245,0.0336239292484398,0.000117980179329873,1453.63918521223
3,245,0.0568252283978176,9.15136355316942e-05,1139.3932927511
1,246,0.0162166470985473,5.22700119474313e-05,786.428832805297
2,246,0.014501925292667,4.402550698847e-05,471.089679271985
3,246,0.0348188613413497,5.7842754471968e-05,1339.93178710996
1,247,0.000958195985033572,4.87538175980387e-05,977.218299894165
2,247,0.00598421480932655,5.48625548625549e-05,656.077111141507
3,247,0.0800035306193695,0.000156468595832413,1717.35419656413
1,248,0.0163560516012536,0.000100516336549856,3075.3533702818
2,248,0.01779362083354,6.56898045317754e-05,1046.63219944953
3,248,0.0424805651544828,0.000215914142376326,1035.46596696402
1,249,0.0450717518474158,4.05239749967074e-05,1921.9708265639
2,249,0.0334588154192028,5.15171809798568e-05,821.283933275437
3,249,0.026947678929871,8.92780618804103e-05,1323.76127827828
1,250,0.00607667427394232,0.000113147383038179,2741.09803021948
2,250,0.0143510385348141,8.22890058459481e-05,1160.0800330396
3,250,0.0177219546564428,7.26133149889169e-05,1349.97318637599
1,251,0.00870079352874858,6.92597860367324e-05,2541.36740082845
2,251,0.00993056347494538,6.92597860367324e-05,1094.41534872404
3,251,0.0751790058929633,9.90791467537009e-05,1005.07845283905
1,252,0.0180023428586593,5.11882657880899e-05,1704.08628422429
2,252,0.0236803690556316,6.78865118552479e-05,686.231970993022
3,252,0.0299231559627342,9.20591554314902e-05,1495.05607160566
1,253,0.0141243553763656,0.000109871999121024,2793.85011091458
2,253,0.0131938903144474,7.65741456513178e-05,1356.06859345004
3,253,0.0746357544077808,8.75350140056022e-05,1001.47974063081
1,254,0.0767967690961869,0.000120547034127281,1047.79046590045
2,254,0.0681678419620106,0.000141135921320438,648.251009339726
3,254,0.0369425476433912,3.30389198475804e-05,1431.39463404601
1,255,0.0193177980861352,5.22415999860689e-05,1130.64344804671
2,255,0.0177542450625291,5.37564219725535e-05,730.845961339422
3,255,0.0681520864155456,7.53106564578888e-05,1577.761905364
1,256,0.0317781723159201,0.000156956303365143,2419.43598980985
2,256,0.028962230217055,0.000141190914671578,1159.24062778529
3,256,0.0386630484909857,0.000112411877117759,1241.56637929562
1,257,0.0373590490200438,0.000218455881014363,2405.59076728915
2,257,0.043752251305812,0.000226591664825609,1101.42692254873
3,257,0.0868769855154609,0.000208694535413857,1501.05470255036
1,258,0.054974735594557,2.87795734099765e-05,1361.38770543627
2,258,0.0434144841219801,5.62681912504668e-05,1439.65621868127
3,258,0.0640537281716319,0.000111635051620048,1446.84874251429
1,259,0.0308040421850005,0.000120662500635066,2718.27652637958
2,259,0.0284329960202677,4.49721172872819e-05,1179.05221129632
3,259,0.0519505163354406,0.000150040551500406,1528.07164756025
1,260,0.00783553699256165,1.79782553002144e-05,1135.30084233134
2,260,0.0129244177988321,1.71071179296282e-05,898.964463746978
3,260,0.0505150055315929,7.106057914372e-05,1467.84749800993
1,261,0.0599713843971009,5.74850800087795e-05,903.877383222851
2,261,0.0703957134674259,5.7227377577433e-05,593.819704588536
3,261,0.0695607263956967,0.000108667017913593,1365.41769070113
1,262,0.0180971877850061,2.19959778783308e-05,678.654379492287
2,262,0.0159006179058433,3.46500346500346e-05,444.47010465411
3,262,0.0392389579011513,0.000135418782585145,1041.2197892878
1,263,0.031305171201793,4.10101928970346e-05,1765.67021719439
2,263,0.0294181741206133,3.84250838947665e-05,801.338190834691
3,263,0.0441397731921449,0.000115618074959052,1079.10148633147
1,264,0.0214724028261538,0.000194566048224585,3007.6699674743
2,264,0.0219871251097713,0.000167210099490009,1148.12059763588
3,264,0.0899477010746683,0.000233149453198547,1457.411637216
1,265,0.0330757154694314,8.99011087803416e-05,2057.04229274769
2,265,0.0336277509751275,0.000121268818321986,1388.4979069971
3,265,0.0647966054218964,9.05170995029788e-05,1043.84309368783
1,266,0.0197781535315033,6.12286847641165e-05,1014.64637528093
2,266,0.0257240720854089,0.000153342450992582,1224.37519783456
3,266,0.0462045976152402,0.000143053202380048,1241.10002704285
1,267,0.00145030406051029,0.000155408205553253,1362.76926483003
2,267,0.00582138319177773,0.000109361329833771,804.536254682483
3,267,0.0753271052629772,0.000251573673617951,1376.89462333638
1,268,0.0354839285425874,0.000305881399094149,3010.07863979033
2,268,0.0388141006801136,0.000283769490725897,1344.00233231261
3,268,0.0563648375616979,0.000150793650793651,1060.17959275408
1,269,0.00783318961358224,7.80322496140191e-05,1496.88161293109
2,269,0.0243416875144855,0.000110880110880111,717.174405056796
3,269,0.0552207815015123,4.97944845818169e-05,1248.38840696293
1,270,0.0156021997609384,0.000116584609037998,3046.39392543124
2,270,0.0175437117065528,0.000117322918085896,1272.62839882386
3,270,0.0424567880706229,0.00014361291274157,1549.68331172184
1,271,0.0218972732449455,7.75403408593856e-05,2538.24442287396
2,271,0.0315813468349619,8.15311550926398e-05,1075.44217734036
3,271,0.052727362950968,0.000102800896081144,1332.51502194517
1,272,0.0110769136466469,0.000148922988943957,1281.327874592
2,272,0.0172476477608544,0.000186046511627907,1079.67433640328
3,272,0.0444999653224969,8.86465882144361e-05,1450.41135441888
1,273,0.0397737178179271,0.000117226422835707,2762.46077164545
2,273,0.0399100709890398,0.00014032167534403,1251.42731139033
3,273,0.0756613242500222,0.000127479204954692,1532.65397307973
1,274,0.01946598268921,8.40760047082563e-05,2336.8025056535
2,274,0.0310071775827717,5.86489624998534e-05,1007.51660876243
3,274,0.0571813908713651,8.57780065191285e-05,1379.89106282846
1,275,0.0264061031858132,0.000205679093601617,2960.88333099257
2,275,0.0398405834485502,0.000217432184664567,1160.89892550302
3,275,0.032325905623625,7.90045427612088e-05,1454.27673930793
1,276,0.0164402375256887,0.00012746160219234,3189.89759904154
2,276,0.0195789418161101,0.000113960113960114,1118.15408396673
3,276,0.0469717485662515,0.00011749270566119,955.805892932355
1,277,0.0231313765737181,0.000208451496245449,3178.72084166705
2,277,0.0282522250695797,0.000186319664922715,1232.55735005415
3,277,0.0492920364769865,7.09534368070953e-05,1344.72735134801
1,278,0.0100058015801918,0.00012527332361516,1303.27109178745
2,278,0.0116861073438328,9.92352271825134e-05,1397.93845957939
3,278,0.0552513860550732,9.66154096493369e-05,1119.54857712749
1,279,0.0141760166394637,0.000280510780824785,1377.6412864461
2,279,0.0185924542092929,0.000232092837134854,934.215313048775
3,279,0.0500169157818622,0.000120021686677179,1047.17423422406
1,280,0.0247333554322783,5.09645032235048e-05,2412.53996662357
2,280,0.034711783284182,3.69856680536292e-05,1206.93122730849
3,280,0.0596246782257188,0.000122258730037442,936.070062049912
1,281,0.0144675023760085,0.000106837606837607,1713.00501525347
2,281,0.0157975445911768,9.78282136568186e-05,847.018073296437
3,281,0.0446950170071611,0.000112781954887218,1522.38012407188
1,282,0.0546068788749488,0.000275897969807392,2872.01395886292
2,282,0.0464345071904054,0.000146139482016725,1249.37132401654
3,282,0.0397839831119117,9.19483863058203e-05,1174.82391711006
1,283,0.0185662386049187,6.8093487119855e-05,2343.48338581057
2,283,0.0180359833593539,5.85749550228024e-05,752.37635537929
3,283,0.0496883132455943,0.000222992667788709,1340.93734530193
1,284,0.0795839993648356,8.46501128668172e-05,3087.73584025104
2,284,0.0805071315608983,0.000123282022505346,1260.68579921968
3,284,0.0492740698654255,0.000112007168458781,1327.2706679052
1,285,0.0311504581796733,0.00021119558934685,2861.70765144574
2,285,0.0364916196239707,0.000174774800307982,929.557400765712
3,285,0.0561410592210157,0.000113516793936457,1496.85837609659
1,286,0.0391646887795259,6.64725327824635e-05,3380.31817630365
2,286,0.0337803753552176,6.32178771436855e-05,1393.51592260744
3,286,0.0332379139944046,0.000210049011436002,1312.53481584416
1,287,0.015282913332965,0.000251865512354217,1761.7391911884
2,287,0.0188821909893236,0.000117099936431463,799.34607516804
3,287,0.0623412626937399,0.000159635752856092,1188.65398671089
1,288,0.0234035942470145,8.38710398890666e-05,3276.47088225517
2,288,0.0215687174563816,7.26882345705244e-05,1327.2385267196
3,288,0.0547648414413839,0.000140565636119746,1081.56404839396
1,289,0.0156344489423899,2.74261355399618e-05,1891.03762230535
2,289,0.0157203556898808,4.54075898786482e-05,1585.54326392443
3,289,0.0420053170317409,0.000138528985152952,1366.34637417534
1,290,0.0285814483630557,0.000101193159342428,3176.24865654745
2,290,0.0210536778652656,7.03861855379851e-05,1252.36015712573
3,290,0.044667457867488,2.22980355430687e-05,483.985396620174
1,291,0.0104194294132594,0.000280175677722247,3126.50090654396
2,291,0.015738094481207,0.000165610897197036,1170.01248416457
3,291,0.0491146452470223,0.000108320026276342,1171.96990722051
1,292,0.0146212307439245,0.000101872851957299,3855.6827986932
2,292,0.0201204426189365,0.000112596310058068,1502.3959060339
3,292,0.066553274503219,0.000148252896633519,1245.38311249909
1,293,0.0601415942579685,8.14042981469422e-05,3241.79273011364
2,293,0.0660730778784813,0.000129506837961044,1351.20434284153
3,293,0.0629709318850391,0.000145596947484687,1065.19199522191
1,294,0.0193973022452163,0.000104500804201841,2385.81545046646
2,294,0.0258139450901906,8.6326751297173e-05,983.947671299121
3,294,0.073353546521059,0.000152564029216012,1484.58863382004
1,295,0.0242573477224355,0.000154738878143133,2526.2193480471
2,295,0.0392045291120784,0.000110527770102238,870.935651602956
3,295,0.0509833440394832,9.1567028826005e-05,1369.03867372346
1,296,0.0305589410265922,0.000121667188097473,1550.36452583262
2,296,0.025783913941085,0.000252874010387286,1007.12946186216
3,296,0.0660068180833328,0.0001414551343336,1351.19432088572
1,297,0.0237806749020283,0.000105016277523016,3616.05751980128
2,297,0.0238334838151963,0.000115423326592611,1477.9538655545
3,297,0.0648154031459563,0.000120170956247322,1334.16691468221
1,298,0.0507810112893755,0.000160224570758375,2486.00629425449
2,298,0.0695252142656713,0.00010768496062476,803.540298531631
3,298,0.0394490929486443,0.000135814206165965,1332.20220272395
1,299,0.0235436648207337,8.5437224998932e-05,2194.78797436441
2,299,0.0243552215120214,0.000102524669998718,739.029638157806
3,299,0.055463764522666,0.000108133158260601,1198.45575287226
1,300,0.0329700328756184,0.000197408563942428,3167.12949989674
2,300,0.039686135339479,0.000286211475935339,1358.5502336996
3,300,0.0810390821370166,0.000130665272903756,1190.48031010515
1,301,0.0170407412826255,6.64016135592095e-05,2176.58877938234
2,301,0.0312437160760402,5.74285521248564e-05,808.445866323433
3,301,0.0611790082122773,7.15355554065232e-05,1919.48495451201
1,302,0.000759399952063086,7.07353648530119e-05,1279.83743316723
2,302,0.00648448270523438,4.67135099363528e-05,779.44772846812
3,302,0.0511889828168839,0.000146532332161075,1455.74742771349
1,303,0.0515761954043582,8.22379241832129e-05,2531.58376216019
2,303,0.0519107123739291,8.22379241832129e-05,1127.68224756128
3,303,0.0596383717957154,0.000224466891133558,1347.879316827
1,304,0.00682375616427441,9.25657619369587e-05,2384.81427274463
2,304,0.0161811337263781,6.27943485086342e-05,1096.90753287403
3,304,0.0632313770862409,8.76691442729179e-05,1155.5282280821
1,305,0.00468949244309799,0.000122543763441519,1102.76145111873
2,305,0.0153430384130991,0.000152576169706791,756.799045904384
3,305,0.0670518953050621,0.000165114941304302,939.379474197603
1,306,0.038337464632364,0.000142354921766686,2908.61979867452
2,306,0.0328183742593922,0.000116225011622501,1049.49831101714
3,306,0.0676407031104388,0.000150890523536227,1586.86369573669
1,307,0.0207250684725239,0.00011562516424029,2243.51637257964
2,307,0.0247367148214952,0.000193438563912102,1140.90794793316
3,307,0.061448751041452,3.76647834274953e-05,931.309166538742
1,308,0.0327413524131409,9.97406742469579e-05,1200.71029930902
2,308,0.051838247381522,0.000129005902020017,919.269719273665
3,308,0.049454453330098,0.0001530131826742,1041.30036831616
1,309,0.011924583531038,0.000118308192842354,2368.85767233914
2,309,0.0149926873742184,0.000111735515462224,1079.02087148371
3,309,0.0505953838985107,0.000130661565639144,1427.43419176988
1,310,0.0296040241613657,7.43573401317187e-05,2100.42322791582
2,310,0.0408953187377114,5.59282161345913e-05,927.447065852144
3,310,0.112673440658513,9.87016249876623e-05,1307.2904890266
1,311,0.0285506434438194,6.68449197860963e-05,2768.99990298292
2,311,0.0258984640577461,0.000128076113804775,1391.1028126579
3,311,0.0280014856606368,6.43026004728132e-05,1179.65143038191
1,312,0.0293419239002954,0.000320512820512821,2960.55664431495
2,312,0.0383709642134014,0.000253987605404856,1364.71716520783
3,312,0.0522996989821144,0.00011985070027052,1166.82469045288
1,313,0.0798329807897688,0.000119007084227264,2472.53188810549
2,313,0.0936837060082494,8.1813453638069e-05,1322.32374294254
3,313,0.054909832451545,0.000145083815312224,1476.91865979828
1,314,0.00189534456575303,5.88879597677459e-05,1020.01977374958
2,314,0.00723063487386841,6.55962700951651e-05,961.500634864871
3,314,0.0853533944380916,0.000143498153841059,1073.81200884636
1,315,0.00161860229335154,0.000103490348163319,998.964798472673
2,315,0.00504297567763889,7.3384990611038e-05,665.869120206781
3,315,0.0624057840591199,0.000111048960252698,1373.50747202045
1,316,0.0131269462992766,0.000104683195592286,1115.0575667868
2,316,0.0212257434914797,0.000123552123552124,754.681142875516
3,316,0.0490060704455966,0.000190228451098016,1261.88983205898
1,317,0.0132687860540354,0.000202085921018907,2312.55438197483
2,317,0.0167575882411201,0.000195971196791541,1074.81944217391
3,317,0.0658963480625794,0.000258917105099631,1221.30563563169
1,318,0.046449249738338,0.000277447483154974,3059.02473840018
2,318,0.0432860022829905,0.000307414104882459,1257.62750069567
3,318,0.0426287882461043,0.000109942153513075,1503.78917298746
1,319,0.00134262912724243,3.18309141838554e-05,940.178474490494
2,319,0.0043180297565058,3.64966833638993e-05,703.879646050352
3,319,0.0531332171047148,0.000181500181500181,1237.63926485535
1,320,0.020507664809186,0.000149864693590929,1040.78220923786
2,320,0.0213401383746017,0.000113558937088349,699.66250626851
3,320,0.0474605098027517,0.000149236833708998,1277.5321006465
1,321,0.0192293295494697,0.000217485863418878,2431.40245116801
2,321,0.030404043840158,0.000222543674196061,1145.10549254229
3,321,0.0560558514163986,0.00011525315952627,1218.23597888068
1,322,0.00207470276101772,8.99534811997224e-05,1093.82713714716
2,322,0.00877419596484868,6.46956071682733e-05,771.92519755202
3,322,0.0509322961784776,0.000327221501225694,1647.38143703809
1,323,0.0193912595283425,5.58917529178036e-05,2127.77504476682
2,323,0.0177429193941281,4.00936185994297e-05,804.566722706067
3,323,0.0585062132960615,8.94814549684578e-05,1438.79278534419
1,324,0.0296516435248733,0.000115164916159941,2067.25562852502
2,324,0.0274368266666517,8.48475355054302e-05,1256.07415718208
3,324,0.0493546084897764,4.19551080344032e-05,1157.30104539666
1,325,0.0422287466459195,0.000122229172508502,2381.00207805822
2,325,0.0429651002533283,0.000101893819612803,1308.89912118318
3,325,0.0483407487137333,7.79225839128826e-05,1200.09440905211
1,326,0.0176748401554786,0.000208345390358238,1180.53484202054
2,326,0.0185878262729774,0.000146613422844686,834.766885996372
3,326,0.0460942766765577,0.000109649603726332,1145.18821497021
1,327,0.0162250960591928,0.000314122105956991,2800.94436802621
2,327,0.0193340617319371,0.000241154454605085,1536.72674984083
3,327,0.0653673220163335,7.6583875466557e-05,1477.79849035961
1,328,0.00813739587381166,5.32016436178369e-05,2509.88632750477
2,328,0.013199274224948,4.42646086227458e-05,1352.68892140273
3,328,0.048678774817278,0.000137174211248285,1360.73862289685
1,329,0.018321412436541,9.00794121133104e-05,1948.44771054795
2,329,0.0241446980421024,0.000182926829268293,956.033971365484
3,329,0.0889924554753459,8.6451179098026e-05,1088.65679741788
1,330,0.0248380324637772,9.66085566198598e-05,1262.76655920274
2,330,0.0286784286588716,6.27955618029089e-05,819.317177828133
3,330,0.0376070820924318,9.54815206533874e-05,893.884236840225
1,331,0.0230974764674445,7.32600732600733e-05,1036.9479616238
2,331,0.0254379565126471,7.13572142143571e-05,746.907668253599
3,331,0.0517747270639267,0.00020931860253668,1114.95492357333
1,332,0.0260233811690295,7.05836899667142e-05,2699.32727097082
2,332,0.0261507782779376,6.68687589158345e-05,1552.53836867757
3,332,0.0279149847836288,5.51463347382519e-05,1355.07143255333
1,333,0.050771693704019,0.000270211846087332,2106.11458092377
2,333,0.054674740709358,0.000229482013199805,1158.90792434896
3,333,0.0370711970749308,6.46571232752712e-05,1105.69492573997
1,334,0.0307218496240856,0.000146615119877152,2466.49275878627
2,334,0.0329190269917156,9.36906877500937e-05,1473.07584196042
3,334,0.0387608843389324,9.66086343966992e-05,1345.18746671366
1,335,0.0349577751666017,0.000107363753063368,2563.98279264372
2,335,0.0341796585033596,0.000149857044266982,1482.84914074049
3,335,0.0463496078832452,0.00010656981601787,1290.04336213011
1,336,0.00887835511778442,0.000104427736006683,1194.99146330434
2,336,0.0180554691192984,7.02895931236695e-05,860.793808255343
3,336,0.0749364689315379,0.00012029558343358,1341.13348572785
1,337,0.00863921496397345,0.000133766008570933,2446.09295335019
2,337,0.0154866610729141,0.000120334158702242,1223.0646003514
3,337,0.0649046294775674,9.6910060009691e-05,1489.87530155148
1,338,0.0133447076700758,0.000114613705965414,1105.53435202375
2,338,0.0174564857865672,0.000155874640112963,836.730589284751
3,338,0.0587917241399784,8.38363514419852e-05,1431.23222609074
1,339,0.02721030473367,1.62405038165184e-05,1280.15823204428
2,339,0.0295342423925597,2.16540050886912e-05,807.217555033532
3,339,0.0438894972635291,4.77238127508483e-05,742.61870821577
1,340,0.0243910932868003,6.93048721325109e-05,1439.62140665749
2,340,0.022444087129732,0.000156317846287451,1374.12728778221
3,340,0.0580553427155179,9.26526452330214e-05,1272.77811779193
1,341,0.0251796874153922,0.00010171072477574,755.530060733734
2,341,0.0252263771678662,0.000109152972930063,629.553587509603
3,341,0.0548240449173917,0.000143715461929311,1112.54002257328
1,342,0.0252752574031529,3.26432016452174e-05,1686.30155406762
2,342,0.0204666056026096,2.64488068649348e-05,924.926077214505
3,342,0.0661100649967826,0.000153659120798666,1081.42249175261
1,343,0.0211951389584491,7.57756175712832e-05,3064.94175132384
2,343,0.0258876672373216,6.80748434278601e-05,1305.51461112152
3,343,0.0533628773831597,0.000111987535300419,1380.00950413522
1,344,0.0339341792098538,0.000166141262673596,2252.58979382649
2,344,0.0440577621480319,0.000149001288659794,1042.1654759761
3,344,0.0612648171355804,0.000113844478542791,1746.46322072063
1,345,0.00569407362076679,0.000122083559413999,2518.68294311924
2,345,0.0145029674766503,0.000124894551749071,935.746022210921
3,345,0.068128001769102,0.000224134839519455,1263.04748410121
1,346,0.01139222835825,0.000194517975998173,2701.35031015796
2,346,0.0135605301766324,0.000177063856309139,1241.0375029113
3,346,0.0591528906863939,0.000146607812215204,1145.42865508072
1,347,0.00379306464616108,0.000193622202012497,1413.44702214648
2,347,0.0121887328850121,0.000146832771239131,1089.17170322675
3,347,0.0551056825393773,0.000230083654943977,1336.0868867641
1,348,0.0225049266688395,0.000118822175188445,2435.38838813389
2,348,0.0221757293845673,0.000139518660620858,1406.96765825097
3,348,0.0502032109338288,0.000151336697833253,1579.85209375575
1,349,0.0123822383780824,6.1191485641855e-05,1890.22956246483
2,349,0.0145432078854845,6.99331264478343e-05,1061.79037729648
3,349,0.0501854164294196,0.000152322924600152,1238.83990609126
1,350,0.0138441687874546,7.16236457681325e-05,1806.96928388869
2,350,0.019338713797854,7.09265786560338e-05,933.792781426735
3,350,0.0539667247336371,9.73591335037118e-05,1546.09613727217
1,351,0.0101857767267878,6.93425173645221e-05,1702.5175838803
2,351,0.0157286648942146,0.000118701633870554,998.739422912731
3,351,0.0592141923884385,0.000184164969718017,966.422143462241
1,352,0.0079890132300271,6.24178165415536e-05,2001.00926233705
2,352,0.00955757640161005,5.61760348873983e-05,883.193728308431
3,352,0.0403406937811885,0.000215253999719669,875.754626453606
1,353,0.0309805334546999,3.15713037896088e-05,2129.47335618709
2,353,0.02874071001433,3.85194523234233e-05,1033.03579064898
3,353,0.0426790511760004,0.00019758814981006,1009.66657505902
1,354,0.0196384458499182,8.76782791676409e-05,2039.68486060417
2,354,0.0223833598477077,8.45564347446841e-05,1157.29233715929
3,354,0.0836158801446669,0.000198089772143224,1219.81530647502
1,355,0.0403389532214431,0.000259143249881695,2443.89896577141
2,355,0.0261200092517991,0.000154092438341623,1279.2860528645
3,355,0.0394758542863015,0.000224883341766459,956.551547506128
1,356,0.0149608057283822,0.000151077687504197,1898.90480306268
2,356,0.0188851218978046,6.64190302821579e-05,1029.13285755155
3,356,0.0473071007470772,0.00017443511419415,859.27737728546
1,357,0.0322244285036458,0.000154826512818006,1657.99157048339
2,357,0.0282266924810073,0.000146740111973993,873.782691447608
3,357,0.0335360369135799,7.91299225405981e-05,1140.87777941195
1,358,0.00314331917890513,0.000132808657156911,932.302848051901
2,358,0.0106327720259534,0.00018934336691346,712.410967647705
3,358,0.0914601417586302,8.83062854451618e-05,1464.48784173953
1,359,0.0344395868496802,5.37406665107134e-05,2011.56314111274
2,359,0.030068260349776,4.79425591738087e-05,1078.2316255168
3,359,0.134689003096911,0.000112731628267456,1618.92481923346
1,360,0.0424688616391155,1.82448458310527e-05,759.886369726043
2,360,0.11454837967626,3.46652070790002e-05,753.491161228833
3,360,0.0473132302977248,7.68752059157301e-05,1326.83104124696
1,361,0.0295407119576532,6.4464557386349e-05,1474.36945300592
2,361,0.0421684450146267,7.27024217176674e-05,814.212833341205
3,361,0.0440787611462417,7.20384770218446e-05,1021.91061338743
1,362,0.0155816855674431,3.8644220229898e-05,2172.0020635317
2,362,0.0174504541283756,2.62162902201586e-05,1004.31152926143
3,362,0.0497170894296656,0.000224879333040807,1302.93118324107
1,363,0.00208576835762306,0.000156796784240498,833.744619604182
2,363,0.0141370251318657,6.60863654387191e-05,729.496563927537
3,363,0.0573426804504569,0.000131464780585281,1069.08566337294
1,364,0.0298959560093074,4.56084740544793e-05,2409.06304906985
2,364,0.0426185435403072,3.8123558452946e-05,1054.178008719
3,364,0.0548352835439646,0.000132327643244674,1187.95105852797
1,365,0.0529388339359298,0.0001666489917736,2482.25250420862
2,365,0.032992863262789,0.000107846382125764,1124.56353209613
3,365,0.0990830780479715,0.000256146428928049,1047.72262364421
1,366,0.0205910975541327,0.000130788408877263,974.668898948651
2,366,0.0227077361563751,4.81154771451484e-05,776.860701039927
3,366,0.0702477886121504,0.000183535123294159,1164.26514973806
1,367,0.043967955247581,0.000129818106287647,2180.07597974975
2,367,0.0539667552737678,0.000148687303520349,1037.04330597791
3,367,0.0751609623087005,0.000159503261272039,1136.47492775782
1,368,0.0173957482933537,4.17436314872212e-05,981.315018664248
2,368,0.0243055529527283,4.00275389467954e-05,693.938739815906
3,368,0.0558337584294663,8.82768361581921e-05,1599.85361582573
1,369,0.0242647364598376,6.94772129216036e-05,1289.63902955949
2,369,0.0312813686412998,8.9741400023738e-05,860.661735501304
3,369,0.0563189754494346,0.000205761316872428,1334.20311338094
1,370,0.0246282690087464,0.000124323702083573,2710.43920284364
2,370,0.026555891252707,7.10666172290199e-05,1300.41216168814
3,370,0.0792158023181774,0.000104659180457053,1528.1305424859
1,371,0.0444874695637737,0.000113233393356238,2734.00047345447
2,371,0.0654433461571538,8.56154925376432e-05,1262.1473084199
3,371,0.0452361612797413,0.000159767610748003,1772.99329391378
1,372,0.00384381215452308,0.000103386809269162,1170.28921733935
2,372,0.00765867909260585,7.71704180064309e-05,941.960040706512
3,372,0.0408357006997839,8.2795713169155e-05,1618.66926506058
1,373,0.0118884171152757,0.000103072543437715,2433.05865929411
2,373,0.0129713640835071,9.55173486161091e-05,1281.74040652973
3,373,0.0470953044105235,5.95336811801277e-05,1352.05733188954
1,374,0.0337521223994886,0.00011426060206548,2421.23914251088
2,374,0.0340406033149482,0.000105750165234633,1207.2611266771
3,374,0.0629138671294554,0.000220999263335789,1316.44696658279
1,375,0.0159161670185602,0.000117232589457484,2958.26398134437
2,375,0.0181398585494811,0.000108214697960754,1464.99133736418
3,375,0.0720725038688975,0.000155048375093029,1430.67720063239
1,376,0.0306229233266389,0.000175750175750176,2950.44384415321
2,376,0.0364311853264714,0.000135554681009226,1362.18359339036
3,376,0.101723052656219,0.000253455977864845,1178.03358657243
1,377,0.0321161076797317,7.68481031638926e-05,3741.48588877728
2,377,0.0283715052718877,0.000104797391709362,1771.49205070048
3,377,0.0747922066879147,0.000123919422634626,1499.10372138788
1,378,0.0183471211761154,0.000125877999043327,2989.89532332155
2,378,0.0201219969758931,0.000119562618203952,1260.8206794323
3,378,0.0627532023512397,0.000114974566232318,1827.69984940979
1,379,0.0176839641468003,8.64609647539998e-05,2630.21046025938
2,379,0.0200024895004013,9.00801019983924e-05,1142.78566259467
3,379,0.0387723953977716,5.15995872033024e-05,1475.9516587885
1,380,0.0112917361892056,5.25182500919069e-05,1691.75101951324
2,380,0.0166447300787293,3.85133834007318e-05,954.204042104049
3,380,0.0493674447760793,9.59692898272553e-05,1336.83649242259
1,381,0.00483896857214935,5.15910305308349e-05,2223.84876512052
2,381,0.0113553585557154,4.01648613076443e-05,1045.75058187038
3,381,0.0686840960742772,9.47867298578199e-05,1515.59188854831
1,382,0.00123992074608547,7.53532182103611e-05,1087.24425069336
2,382,0.00700443148702504,6.63248386520752e-05,701.915388916258
3,382,0.0560389309724522,8.38548054044422e-05,1288.52309355248
1,383,0.0176566013699955,7.61193684078145e-05,2680.81174552406
2,383,0.0258491000209621,0.000105085825564097,1199.19052448429
3,383,0.039503755972302,7.19675161358747e-05,1232.64037951181
1,384,0.00308891742805057,7.48298556157936e-05,870.156302012101
2,384,0.0139618568263105,7.24408619145461e-05,657.051083358854
3,384,0.0756975655518734,0.000145839030170449,1080.88441324902
1,385,0.0349799933331401,0.000268550563306464,3309.48153472746
2,385,0.0276908451961519,0.00020024847157289,1508.1104729138
3,385,0.100220277305494,0.000132635115883792,1330.35353496526
1,386,0.00799183264605254,8.68802182431082e-05,2861.13252967609
2,386,0.0119530585482069,9.5568240067419e-05,1326.04919500048
3,386,0.0545882852100925,0.00014009526478005,1255.75726647035
1,387,0.0406504852846382,0.000177157725737696,2703.25035889874
2,387,0.038329040183877,0.000201229129276119,1361.45356683254
3,387,0.0749859214530908,0.000132319349267369,1117.49206809003
1,388,0.00419191697069477,5.69706790904948e-05,1143.49767633211
2,388,0.00859300438993684,6.63497961251719e-05,710.537264933528
3,388,0.0831862635263407,0.000134623055444755,1283.3967729348
1,389,0.012453224777214,0.00022851493275132,1477.78348768212
2,389,0.0237002736785472,5.18242122719735e-05,890.843324498527
3,389,0.0755279149112813,0.000184729064039409,907.151259272323
1,390,0.0371093165098861,0.000238199941366168,2478.87751139273
2,390,0.0364597960665537,0.000145296404665518,1212.01243837982
3,390,0.0586310393970303,0.000197453255963894,1371.76172706301
1,391,0.00940704778299739,0.000106947582316217,2186.41090327756
2,391,0.0233149851643149,8.22048844647715e-05,955.934272033067
3,391,0.0435686608619414,0.000104303565095855,1539.47212464104
1,392,0.0183867830897294,8.67052023121387e-05,2110.66335905258
2,392,0.0175787528624921,9.55086040794632e-05,1413.44013816163
3,392,0.0470198601874135,0.000225723235673484,1431.03196452943
1,393,0.0204873483356684,5.40306894315971e-05,2510.99388680221
2,393,0.0207929061768516,5.02516771497249e-05,971.557070682305
3,393,0.0389882369856294,8.7403724797136e-05,1406.1492470005
1,394,0.00133541336975736,4.5126935623203e-05,1204.63809928135
2,394,0.00586858151236485,5.47485217899117e-05,823.643690380218
3,394,0.0273315263711129,0.00011271177485823,1242.31921667724
1,395,0.0869674697744077,3.67909464838892e-05,1276.43803272238
2,395,0.0852521549009439,3.72603482148906e-05,888.449183007428
3,395,0.0733553833030343,0.000113741919584463,1550.80600644415
1,396,0.0518165485590718,0.00010495382031906,2608.3659231837
2,396,0.0492631683625493,8.44594594594595e-05,1467.47000529084
3,396,0.0619292207965694,0.000331259557745801,1398.41472201058
1,397,0.0401357282243137,6.57858290399424e-05,2073.17911860834
2,397,0.0306235160800115,5.92831111776746e-05,944.186372288515
3,397,0.0610915026102668,0.000117827265229174,1141.33105171546
1,398,0.0343839564186105,0.00010465724751439,2984.02457045714
2,398,0.0348272152865256,0.000110232446681045,1403.38147910894
3,398,0.0517954152106895,7.08616780045351e-05,1126.23470023489
1,399,0.0162057954572027,6.53519394149079e-05,2580.53552639743
2,399,0.0163195916866054,4.86239424292522e-05,1128.8700073942
3,399,0.0733159696936148,0.000145944669800185,1195.4048760692
1,400,0.00536760503762623,0.000103092783505155,3120.10703743255
2,400,0.0114062303083189,0.00011644647696477,1215.41988403412
3,400,0.0476672788130952,9.83613886839693e-05,1106.34007424577
1,401,0.0173978652680566,6.61146739574299e-05,2034.97961205392
2,401,0.0203738718080101,5.82509082980915e-05,827.28785814157
3,401,0.0795089089811019,0.000102461640923179,1373.0302788602
1,402,0.00938861767213593,0.000111852787299296,2297.00306807875
2,402,0.023156678250377,0.000128842138647356,768.185071594814
3,402,0.0729563686816202,0.000165072414661906,1412.19122329392
1,403,0.0198831673737275,4.15691587633945e-05,2472.52778749291
2,403,0.0172560623798494,3.72744893394961e-05,1119.32099456489
3,403,0.0555559714990661,0.000293317536362748,1921.28543166372
1,404,0.0212798836814306,0.00012640626975098,1983.22812648876
2,404,0.0228352920505702,0.000139092731685324,750.093412916177
3,404,0.0683482558150045,0.000245314493180257,1551.7947641133
1,405,0.0124224850062815,4.71708496727915e-05,2992.24379393486
2,405,0.0120494874461001,4.1073786122928e-05,1003.7955725025
3,405,0.05634995396103,0.000123234916559692,1648.68889001953
1,406,0.00249083644967994,6.14439324116743e-05,1501.47452272261
2,406,0.0102961385447997,8.47529451648445e-05,886.736246381782
3,406,0.0440818556413762,0.00012169891687964,1032.57130157802
1,407,0.0293697779459877,7.14122486288848e-05,2708.0889692383
2,407,0.0344033852437464,5.93855574324324e-05,1230.96882326973
3,407,0.0844910348711793,0.000177716169505682,1893.66249563291
1,408,0.0222295438811048,0.000123819842129701,1402.88919758203
2,408,0.0275908176486187,0.000124070710379259,764.287388841869
3,408,0.047944004001657,8.80715845839498e-05,1339.57509197147
1,409,0.0234098842394188,0.000163785530292878,1389.91293727269
2,409,0.0161455959425539,0.000164790734928354,1153.40035099781
3,409,0.0285139841768385,7.57661855513884e-05,1344.53763162073
1,410,0.0419888637467245,0.000155327741534638,2325.97339243509
2,410,0.0390426067540097,0.000114584452322126,911.926810760826
3,410,0.0443461858925012,6.87045190397398e-05,1063.16152868498
1,411,0.0351909437455619,9.75800156128025e-05,1522.32990143726
2,411,0.0265196477176074,0.000246071343719241,1094.48608815661
3,411,0.0567389252850661,0.000176779953153312,1342.47322027265
1,412,0.0324212237649862,0.000166616270387352,1831.38675600419
2,412,0.0442810654884603,0.000117970237794294,846.49270955818
3,412,0.0540679853280235,0.000171134669108805,747.570557088385
1,413,0.0286980932586324,0.000145089748372922,2202.16761044824
2,413,0.0211486020342804,8.80902043692741e-05,1226.90935035397
3,413,0.0445815160905866,0.000233176967602118,1156.25382101024
1,414,0.00298887542989549,1.74860111910472e-05,1092.43632749843
2,414,0.00956885028979535,3.50365204201085e-05,718.546844934384
3,414,0.0623667565945901,5.56433007606011e-05,1077.8669632702
1,415,0.0179900496157696,8.94538606403013e-05,2351.84724481807
2,415,0.0260201863693064,8.09552722121028e-05,1049.21337481101
3,415,0.0638471409276446,0.000226864455432709,998.892342789745
1,416,0.0174358836138366,0.000180119206165535,2601.19911819149
2,416,0.0281465215197403,0.000170923689146784,1312.87341693264
3,416,0.0647476212634285,0.000191558954662784,1337.95193750294
1,417,0.0238992899757587,0.000107217449854399,2333.06633155853
2,417,0.020609625672639,0.000114294857874344,1110.23039309282
3,417,0.054789645047677,9.81174117259802e-05,1218.09007851351
1,418,0.00398068802686173,3.95222549817802e-05,1358.83381136467
2,418,0.0171663607998638,4.43082376398479e-05,959.90013543092
3,418,0.0887035935123235,0.000103600103600104,1209.71296872325
1,419,0.0439835430901499,0.000186501817255512,2717.75916843641
2,419,0.0472136813284418,0.000171065697572536,971.751093867126
3,419,0.0530545422951716,0.000120228950272447,1473.55720126866
1,420,0.0458327627166366,0.000165279109192824,1907.18018197761
2,420,0.0406524935548466,0.000118056506566303,1204.48057768056
3,420,0.0813537935093305,9.82414775518224e-05,1291.66863124243
1,421,0.00212954878472803,6.32686704088914e-05,1466.00239022761
2,421,0.00395522888276849,9.97350372510364e-05,974.981090474672
3,421,0.0722463113208895,0.000132070054550675,1315.41171170081
1,422,0.060309110103965,8.24657251829708e-05,1996.76448623037
2,422,0.0391536575825367,4.77202724393736e-05,1072.95393624443
3,422,0.0846442593748162,0.000128215876084287,1316.61848725867
1,423,0.0140315725301175,4.6685029444915e-05,1606.12956034985
2,423,0.0124078642222726,6.77025151484378e-05,2324.82035903035
3,423,0.0663614793474946,0.000183211192538308,1265.36999585899
1,424,0.0284517633344019,9.46206861278402e-05,2573.92151896466
2,424,0.0285973022243664,4.73734643999182e-05,1230.36269074612
3,424,0.044996718306976,8.46652430362838e-05,1258.00482876316
1,425,0.0166225370908299,0.000153040060249455,1935.48342175351
2,425,0.0199147614484281,0.000130696342424417,643.198008754422
3,425,0.0623231919850405,0.000107744107744108,1276.40210984855
1,426,0.0316711911168887,9.10226209417565e-05,1808.19926268671
2,426,0.0295162223914219,0.0001347134789938,937.756012332937
3,426,0.0577030471972225,0.000117444055975644,1395.61844212385
1,427,0.00763380187310669,3.67033700367034e-05,2535.21994374493
2,427,0.0122426790227161,4.3311677494586e-05,1099.93414766658
3,427,0.0355948508192503,0.00011810733003617,1258.90114340463
1,428,0.0321454407591869,6.42973107649773e-05,1328.7577423923
2,428,0.0270385263214525,4.82229830737329e-05,600.322391093228
3,428,0.0495721568643196,0.000168709931391295,1373.29151166977
1,429,0.0200109295847117,9.31729901140245e-05,2484.12751157045
2,429,0.0198421683782325,0.000106024437026304,1039.3888945629
3,429,0.109290991011434,0.000134717007370324,1219.0192302794
1,430,0.0108372543578149,0.000167069938933057,3602.84219285456
2,430,0.0115662316280055,0.000106519947017905,1463.49721070075
3,430,0.0540699296411698,8.99677751787087e-05,1362.50994209606
1,431,0.0200401737960324,0.000354292533751026,2290.89079588081
2,431,0.0193201852851202,0.000263538093019535,1294.90014337255
3,431,0.0599809892844085,0.000227562857301438,1421.88620841062
1,432,0.00557431524689457,3.28852715090229e-05,1335.91472854999
2,432,0.0111472715067115,3.82219164468906e-05,1111.60584803286
3,432,0.055134710810303,0.000162354716404512,1075.72154853415
1,433,0.0226417027700388,0.000115717780863585,2090.48711170092
2,433,0.0254608268358531,0.00010846155038039,1087.28325700693
3,433,0.0656258723416198,0.000296086976848076,1251.7950839163
1,434,0.0179893039375655,0.000256720577988044,2739.50467743666
2,434,0.0187789045249169,0.000254347909548125,1273.22424966129
3,434,0.0685778128042749,7.47384155455904e-05,1459.5205150433
1,435,0.00146251434715653,4.1460324772544e-05,1094.91293187749
2,435,0.00610486145102009,5.97165171621005e-05,891.16015060245
3,435,0.051103400513024,9.40500940500941e-05,1302.09395242966
1,436,0.0508901575947572,0.000157493669965957,2337.52825333098
2,436,0.0550722492740477,0.000149298297999403,1060.05187618769
3,436,0.0471598020448673,0.00018605629416309,952.921047559358
1,437,0.0218701033763082,9.91575915914362e-05,2726.37770566033
2,437,0.0205243572466426,0.000142476472128521,1354.34551753833
3,437,0.0657749378181442,5.88192044702595e-05,1324.66235457051
1,438,0.0274206948974166,8.99357601713062e-05,1893.48848834851
2,438,0.0208900377822274,7.2464555774157e-05,957.083818151731
3,438,0.0431562832981078,8.48338317320948e-05,958.998192802604
1,439,0.0311281487849416,4.39818587768386e-05,1590.46987814884
2,439,0.0409398631232944,3.88075224501517e-05,871.819815409406
3,439,0.0785939193263818,0.000250893809195258,1151.34342646281
1,440,0.0244679568430856,9.78129034782268e-05,3706.26769654321
2,440,0.0143467894424452,9.4853436142219e-05,1934.80363448668
3,440,0.0450339686259348,0.000132407672487833,1089.69700907556
1,441,0.0467324769337666,0.000179056200542945,2955.47779361566
2,441,0.0377088595388734,0.000160718303671878,1078.77715297838
3,441,0.0423638787540038,0.000139962136558847,1635.98962197586
1,442,0.0362410622829152,6.55105973025048e-05,2490.43152312531
2,442,0.0348930235581083,0.000102609706878271,1085.1726814793
3,442,0.0310506606526846,7.90035024886103e-05,1281.44169763448
1,443,0.0377487990252845,5.14880032952322e-05,1627.60790432362
2,443,0.0362185817492133,0.000117085736030208,1363.71644218883
3,443,0.0557660255878223,0.000297131730507842,1348.61716044214
1,444,0.0273483442592673,2.64550264550265e-05,2933.52125271862
2,444,0.027960507947614,2.87554635380722e-05,1327.91887658143
3,444,0.0521679521844858,8.03772371664345e-05,1634.32047985778
1,445,0.0463869922127046,0.000158157063520395,1559.75781872857
2,445,0.0532307034129372,0.000158157063520395,1138.45170693506
3,445,0.0590491053962554,9.66445028606773e-05,1076.45322648834
1,446,0.0206008007396344,4.86902327393125e-05,2102.90027762879
2,446,0.0163255602248639,4.56470931931055e-05,1031.72391417366
3,446,0.0515421056388585,0.000167249384761192,1410.79000243029
1,447,0.0333735504933781,0.000113498073685472,2778.85674364603
2,447,0.0349754367167104,0.000109015072518722,1406.67397991019
3,447,0.0436473972261609,0.000102813910367542,1359.72289075687
1,448,0.0116323230208154,8.18561332981655e-05,3676.56829009204
2,448,0.0150902630362414,8.84900935340289e-05,1750.14471858752
3,448,0.0228986492552883,6.87197277750922e-05,1379.74446886326
1,449,0.0446552436251862,5.76708659600918e-05,1110.84204696284
2,449,0.04034213798152,6.21724842348344e-05,533.567366819096
3,449,0.0342812752143296,0.000100877635428226,1598.24910661519
1,450,0.0216192088889724,9.51429522858094e-05,2251.14494438285
2,450,0.0327321484812858,7.4000074000074e-05,1208.44550249322
3,450,0.052959017500716,0.000127812950008095,1270.80703143646
1,451,0.0334677538195837,0.000133923446806882,1351.01725872757
2,451,0.0255749332543897,9.44324217981507e-05,789.181795426662
3,451,0.0407818962405771,5.17660863113212e-05,1122.52228190837
1,452,0.00978465644573227,4.9982506122857e-05,2543.25375581554
2,452,0.0094752120012882,4.37346928574999e-05,1312.67559555291
3,452,0.0501147004729105,0.000192022940340606,1365.3460254939
1,453,0.0180522754979222,0.000150745534982795,2127.72686495991
2,453,0.0165706244251833,0.000151513385624876,1191.26045196803
3,453,0.083311116234301,0.000185445068163593,1494.54004401946
1,454,0.0614265795521021,0.000163162188478644,2162.48316079342
2,454,0.0515801407370266,0.000181830897265543,1298.72229795709
3,454,0.0578798182471993,0.00010482180293501,1221.37402626204
1,455,0.0217236645311888,4.82802572372106e-05,1878.9474392267
2,455,0.0160875135328654,6.43736763162807e-05,739.147283023514
3,455,0.0670148044614289,0.000167148341457102,1197.31192587285
1,456,0.0182232712113167,0.000167288022177612,3191.01786655916
2,456,0.0194021503023323,0.000147517892492767,1723.25657106496
3,456,0.0512290027573452,0.000231240036998406,1092.64075363431
1,457,0.00509917778073273,9.79431929480901e-05,2152.72701380136
2,457,0.00667857828496109,9.23992386302737e-05,990.775147431884
3,457,0.0479024926912758,0.000276196853029796,1487.17421005301
1,458,0.0321412089170211,0.000162344785222237,2781.01556048154
2,458,0.030135414189683,0.000186915887850467,1409.96018793089
3,458,0.0516773407953466,5.89296026966186e-05,1445.56429689314
1,459,0.0342955556530305,8.3139341536415e-05,2734.75181062734
2,459,0.0265458452253764,0.000138167348292252,1106.52378873299
3,459,0.0857457011542487,0.000174142160574215,1310.30509195259
1,460,0.0116160583763092,8.89676117453423e-05,2364.50551632795
2,460,0.00974661799058939,9.30115940974034e-05,1089.43905105157
3,460,0.0449866077485724,4.62618141107785e-05,1397.46737709614
1,461,0.00767251842111159,0.000166206137161615,1888.14774441726
2,461,0.0113289771221536,0.000110676276318819,937.431781170923
3,461,0.0458187097366323,0.000163647795491934,1289.47386797285
1,462,0.00287168117541332,0.000110713363102927,1118.1496088952
2,462,0.0119221785390597,0.000125482625482625,809.729354692125
3,462,0.0698730685361213,0.000147240104095329,1403.2614766226
1,463,0.0150901483780923,7.35599556909443e-05,2385.64710412136
2,463,0.0183559043043613,6.923289947383e-05,1215.19117901928
3,463,0.0521473304895846,8.07664738367104e-05,1417.66857153359
1,464,0.0277375386931814,0.000119177549458683,2253.9792431167
2,464,0.027428749737184,6.68279022403259e-05,1034.5387750207
3,464,0.0507070032588651,8.02825947334618e-05,1181.90281641497
1,465,0.0185317292909492,0.00018188610980022,2377.28361086279
2,465,0.028087370231442,0.000127811860940695,1182.99133297806
3,465,0.0371031328156646,0.000303193639671203,1235.70633550756
1,466,0.0112798097321009,9.0200989027315e-05,2201.66096731859
2,466,0.0134348720871698,7.42831674342594e-05,1048.17758544055
3,466,0.0329803385942793,3.40330529009774e-05,1122.61487510432
1,467,0.0239037277467727,0.000237836368578418,2696.32057314265
2,467,0.021903077465769,0.000248379426039936,1168.50764451404
3,467,0.04289965972646,0.000281460570314732,1204.1767099012
1,468,0.0238608356750376,0.0001096509262762,2259.91097872485
2,468,0.0239849950817277,0.000128370338552081,1084.88141655826
3,468,0.0756603010770333,0.000157271170447,1951.9648348539
1,469,0.031358797068984,0.000144422952933591,2917.89097758896
2,469,0.0258774240775884,0.000122713864306785,1190.68978636434
3,469,0.0745036065695691,0.000153234160184862,1292.31468176828
1,470,0.0206006462786326,5.31706736086298e-05,2965.6246969219
2,470,0.00995830344663727,5.95511544416654e-05,1497.69383121166
3,470,0.0121854391986385,1.87487813292136e-05,616.347416918681
1,471,0.0332406831753836,5.02478895886373e-05,2702.76004680461
2,471,0.0219426138302294,5.17481464754808e-05,1287.23181114138
3,471,0.0639410919344146,0.000104467217192319,1076.55714600404
1,472,0.0154626981340103,0.000167156405609417,2786.79656856881
2,472,0.0138000485768478,0.000106282349690187,1191.29453483931
3,472,0.0678653358266803,0.000100781053162006,1133.11193612237
1,473,0.0301552118573711,7.60704194740274e-05,3141.42595166506
2,473,0.0202505557968117,7.60704194740274e-05,1589.16514570169
3,473,0.0794096517917543,6.08815650620992e-05,1384.61263474012
1,474,0.0491658433999179,0.000218093970540538,2161.28745969844
2,474,0.040398633869018,0.000185949822155683,1017.28365776091
3,474,0.0498591150333656,0.000164091080201929,1417.14280283959
1,475,0.0539561495273575,6.67865399434883e-05,1300.80973520911
2,475,0.0298368498366052,0.000150109170305677,731.52770368231
3,475,0.0797701186053963,0.000286012733784322,1047.22048982669
1,476,0.0600929779365145,0.000169150221506242,2510.49907823751
2,476,0.0277262609482596,8.89580785055043e-05,920.383449101293
3,476,0.0468028646859106,0.000152650243066156,1284.63423638689
1,477,0.0482982721114861,6.52786367072081e-05,2659.63418570529
2,477,0.0322672796572477,5.48617162035692e-05,1322.30692987014
3,477,0.0268439218511333,6.84400237258749e-05,1357.73715038098
1,478,0.0577182267767327,9.07655880031571e-05,2543.83910828507
2,478,0.0334935428045341,9.3167701863354e-05,996.607607007697
3,478,0.0453171269932857,5.78001271602798e-05,1296.2641773703
1,479,0.0639091922707378,0.000243358864666855,2479.00718160483
2,479,0.0356403876879775,0.000177946267963869,1087.25467633463
3,479,0.0966970010905153,0.000115156315974973,1599.42381682584
1,480,0.0306401913469713,0.000105650433788252,2775.67989121078
2,480,0.00568152228234857,5.38075015935299e-05,798.17084118477
3,480,0.0412859695149379,4.85125311599719e-05,1865.21456623776
1,481,0.0357189586510292,0.000169307869429771,3862.60335438276
2,481,0.0309079886637012,0.000121196731151023,1527.20396799439
3,481,0.0602344190762983,0.000149686809137804,1308.55007378856
1,482,0.0207504115302586,6.62251655629139e-05,2718.14998638594
2,482,0.0173432284306349,6.62251655629139e-05,1096.5179483543
3,482,0.0427272056954172,0.000209128932533188,983.566152338633
1,483,0.0497888088813823,0.000144123727735369,3888.45788976972
2,483,0.0361613017743949,0.000238715277777778,1447.94405319693
3,483,0.0655303548320957,0.000182833423926471,1374.99423640402
1,484,0.0226590674852756,0.000109050219996966,2074.35505925475
2,484,0.0230621252195131,8.82881725953512e-05,856.251139745919
3,484,0.0825318193185669,0.000114540248170538,1066.82609623523
1,485,0.00444070942234866,8.87851652672433e-05,1320.32262736199
2,485,0.00779688113162437,9.74694494194476e-05,605.811308584318
3,485,0.0975346793008676,0.000104799832320268,1163.7601519681
1,486,0.00455086638696905,7.24831616039966e-05,1543.23025243659
2,486,0.00347003344510061,8.9147747533579e-05,656.513010302137
3,486,0.0399944473185195,0.000177624747226321,1253.30613957845
1,487,0.0544718060233957,4.80124558028197e-05,2045.03756595876
2,487,0.0336182605120274,9.97267487085386e-05,1054.10878323147
3,487,0.0558717526318774,0.000178099054503549,1510.14906071445
1,488,0.0239984360067358,5.79895038997941e-05,2622.36696574759
2,488,0.0270282346599326,6.92323669007746e-05,1229.63305243748
3,488,0.0440938819302738,9.13492280990226e-05,1301.93707549774
1,489,0.0146636826084553,0.00010492078480747,2322.86722757773
2,489,0.0157900830785237,9.33706816059757e-05,1121.84593252221
3,489,0.069113224838484,0.000117482403179176,1371.13618215189
1,490,0.0605792759724885,0.000187119912677374,2568.0976460265
2,490,0.0626729310825033,0.000108609382179707,1160.06024763879
3,490,0.0705521277977606,0.000132946396013128,1497.27533311325
1,491,0.0359235565061295,0.000181235591770454,2147.95245567163
2,491,0.0395963607013063,0.000172087420409568,1033.77141708446
3,491,0.0505588920660319,9.03613369140519e-05,1346.46956693726
1,492,0.0339116738366863,0.000250383399580608,3263.69726032519
2,492,0.0254837051816272,0.000128302882782486,1375.90464522497
3,492,0.056969898610188,0.000161257810925217,1029.04578446589
1,493,0.0450600640254603,0.000100686498855835,3518.73127999368
2,493,0.0372857870506301,8.83704489218805e-05,2015.62356006962
3,493,0.0552641705778075,3.77240724165012e-05,1259.57049428823
1,494,0.0227127252405107,7.67289976936166e-05,2113.2290845149
2,494,0.0180672030367625,4.1952707856598e-05,843.027498465872
3,494,0.0516730253900783,0.000157809602714325,1716.19891559059
1,495,0.063251278123928,0.000142342000379579,3037.56352188758
2,495,0.031628556822312,0.000135281385281385,1441.14403186855
3,495,0.0544242286275021,0.000177860263697174,1178.02383575057
1,496,0.0444736654097916,0.000156780768225764,1907.78858016325
2,496,0.0334672207755754,0.000189488473554804,919.595230159146
3,496,0.0471277616937456,4.16308179068025e-05,1514.05724942952
1,497,0.0292637919522493,8.01478995907114e-05,1930.83683464014
2,497,0.022745516858915,8.54040424580097e-05,1003.61163064261
3,497,0.0507040467309931,0.000114683596149908,1551.22952985518
1,498,0.0642781688026543,0.00017112596258354,1538.20411427517
2,498,0.0555813258480741,0.000121366315004023,866.565911730734
3,498,0.0606302412370066,0.000100574712643678,1430.34954701831
1,499,0.0070924522391836,5.30435192606912e-05,1305.21907601734
2,499,0.0105883689265832,3.36344416682683e-05,453.917234942738
3,499,0.0690508300571188,0.00015470297029703,1446.93539285885
1,500,0.0612296786279351,0.000126667792602601,2480.03144249427
2,500,0.0409849974793651,0.000160791589363018,1202.57567477925
3,500,0.0536830591549757,0.000194502074688797,1294.55007753836
